request_id,config,kex_algorithm,sig_algorithm,kex_blob_bytes,response_ciphertext_bytes,signature_bytes,total_bytes_stored,kex_decryptable_under_future_crqc,payload_decryptable_under_future_crqc,error
0,hybrid_kex,X25519MLKEM768,ECDSA-P256-SHA256,1120,104,70,1294,False,False,
1,hybrid_kex,X25519MLKEM768,ECDSA-P256-SHA256,1120,104,70,1294,False,False,
2,hybrid_kex,X25519MLKEM768,ECDSA-P256-SHA256,1120,104,71,1295,False,False,
3,hybrid_kex,X25519MLKEM768,ECDSA-P256-SHA256,1120,107,71,1298,False,False,
4,hybrid_kex,X25519MLKEM768,ECDSA-P256-SHA256,1120,105,71,1296,False,False,
5,hybrid_kex,X25519MLKEM768,ECDSA-P256-SHA256,1120,106,72,1298,False,False,
6,hybrid_kex,X25519MLKEM768,ECDSA-P256-SHA256,1120,108,72,1300,False,False,
7,hybrid_kex,X25519MLKEM768,ECDSA-P256-SHA256,1120,102,72,1294,False,False,
8,hybrid_kex,X25519MLKEM768,ECDSA-P256-SHA256,1120,107,71,1298,False,False,
9,hybrid_kex,X25519MLKEM768,ECDSA-P256-SHA256,1120,104,72,1296,False,False,
10,hybrid_kex,X25519MLKEM768,ECDSA-P256-SHA256,1120,105,70,1295,False,False,
11,hybrid_kex,X25519MLKEM768,ECDSA-P256-SHA256,1120,108,72,1300,False,False,
12,hybrid_kex,X25519MLKEM768,ECDSA-P256-SHA256,1120,106,72,1298,False,False,
13,hybrid_kex,X25519MLKEM768,ECDSA-P256-SHA256,1120,102,70,1292,False,False,
14,hybrid_kex,X25519MLKEM768,ECDSA-P256-SHA256,1120,104,71,1295,False,False,
15,hybrid_kex,X25519MLKEM768,ECDSA-P256-SHA256,1120,107,72,1299,False,False,
16,hybrid_kex,X25519MLKEM768,ECDSA-P256-SHA256,1120,111,71,1302,False,False,
17,hybrid_kex,X25519MLKEM768,ECDSA-P256-SHA256,1120,107,71,1298,False,False,
18,hybrid_kex,X25519MLKEM768,ECDSA-P256-SHA256,1120,107,71,1298,False,False,
19,hybrid_kex,X25519MLKEM768,ECDSA-P256-SHA256,1120,104,71,1295,False,False,
20,hybrid_kex,X25519MLKEM768,ECDSA-P256-SHA256,1120,109,70,1299,False,False,
21,hybrid_kex,X25519MLKEM768,ECDSA-P256-SHA256,1120,108,71,1299,False,False,
22,hybrid_kex,X25519MLKEM768,ECDSA-P256-SHA256,1120,109,71,1300,False,False,
23,hybrid_kex,X25519MLKEM768,ECDSA-P256-SHA256,1120,106,72,1298,False,False,
24,hybrid_kex,X25519MLKEM768,ECDSA-P256-SHA256,1120,106,70,1296,False,False,
25,hybrid_kex,X25519MLKEM768,ECDSA-P256-SHA256,1120,102,70,1292,False,False,
26,hybrid_kex,X25519MLKEM768,ECDSA-P256-SHA256,1120,102,72,1294,False,False,
27,hybrid_kex,X25519MLKEM768,ECDSA-P256-SHA256,1120,105,71,1296,False,False,
28,hybrid_kex,X25519MLKEM768,ECDSA-P256-SHA256,1120,109,70,1299,False,False,
29,hybrid_kex,X25519MLKEM768,ECDSA-P256-SHA256,1120,109,72,1301,False,False,
30,hybrid_kex,X25519MLKEM768,ECDSA-P256-SHA256,1120,102,70,1292,False,False,
31,hybrid_kex,X25519MLKEM768,ECDSA-P256-SHA256,1120,108,70,1298,False,False,
32,hybrid_kex,X25519MLKEM768,ECDSA-P256-SHA256,1120,105,71,1296,False,False,
33,hybrid_kex,X25519MLKEM768,ECDSA-P256-SHA256,1120,108,71,1299,False,False,
34,hybrid_kex,X25519MLKEM768,ECDSA-P256-SHA256,1120,104,71,1295,False,False,
35,hybrid_kex,X25519MLKEM768,ECDSA-P256-SHA256,1120,108,72,1300,False,False,
36,hybrid_kex,X25519MLKEM768,ECDSA-P256-SHA256,1120,107,70,1297,False,False,
37,hybrid_kex,X25519MLKEM768,ECDSA-P256-SHA256,1120,107,70,1297,False,False,
38,hybrid_kex,X25519MLKEM768,ECDSA-P256-SHA256,1120,105,71,1296,False,False,
39,hybrid_kex,X25519MLKEM768,ECDSA-P256-SHA256,1120,109,71,1300,False,False,
40,hybrid_kex,X25519MLKEM768,ECDSA-P256-SHA256,1120,106,72,1298,False,False,
41,hybrid_kex,X25519MLKEM768,ECDSA-P256-SHA256,1120,109,72,1301,False,False,
42,hybrid_kex,X25519MLKEM768,ECDSA-P256-SHA256,1120,105,71,1296,False,False,
43,hybrid_kex,X25519MLKEM768,ECDSA-P256-SHA256,1120,109,70,1299,False,False,
44,hybrid_kex,X25519MLKEM768,ECDSA-P256-SHA256,1120,102,71,1293,False,False,
45,hybrid_kex,X25519MLKEM768,ECDSA-P256-SHA256,1120,102,71,1293,False,False,
46,hybrid_kex,X25519MLKEM768,ECDSA-P256-SHA256,1120,105,71,1296,False,False,
47,hybrid_kex,X25519MLKEM768,ECDSA-P256-SHA256,1120,105,72,1297,False,False,
48,hybrid_kex,X25519MLKEM768,ECDSA-P256-SHA256,1120,110,70,1300,False,False,
49,hybrid_kex,X25519MLKEM768,ECDSA-P256-SHA256,1120,105,71,1296,False,False,
50,hybrid_kex,X25519MLKEM768,ECDSA-P256-SHA256,1120,102,72,1294,False,False,
51,hybrid_kex,X25519MLKEM768,ECDSA-P256-SHA256,1120,107,70,1297,False,False,
52,hybrid_kex,X25519MLKEM768,ECDSA-P256-SHA256,1120,107,70,1297,False,False,
53,hybrid_kex,X25519MLKEM768,ECDSA-P256-SHA256,1120,109,70,1299,False,False,
54,hybrid_kex,X25519MLKEM768,ECDSA-P256-SHA256,1120,106,72,1298,False,False,
55,hybrid_kex,X25519MLKEM768,ECDSA-P256-SHA256,1120,109,71,1300,False,False,
56,hybrid_kex,X25519MLKEM768,ECDSA-P256-SHA256,1120,106,71,1297,False,False,
57,hybrid_kex,X25519MLKEM768,ECDSA-P256-SHA256,1120,104,70,1294,False,False,
58,hybrid_kex,X25519MLKEM768,ECDSA-P256-SHA256,1120,104,72,1296,False,False,
59,hybrid_kex,X25519MLKEM768,ECDSA-P256-SHA256,1120,105,71,1296,False,False,
60,hybrid_kex,X25519MLKEM768,ECDSA-P256-SHA256,1120,107,72,1299,False,False,
61,hybrid_kex,X25519MLKEM768,ECDSA-P256-SHA256,1120,102,71,1293,False,False,
62,hybrid_kex,X25519MLKEM768,ECDSA-P256-SHA256,1120,102,71,1293,False,False,
63,hybrid_kex,X25519MLKEM768,ECDSA-P256-SHA256,1120,107,71,1298,False,False,
64,hybrid_kex,X25519MLKEM768,ECDSA-P256-SHA256,1120,106,71,1297,False,False,
65,hybrid_kex,X25519MLKEM768,ECDSA-P256-SHA256,1120,110,72,1302,False,False,
66,hybrid_kex,X25519MLKEM768,ECDSA-P256-SHA256,1120,106,72,1298,False,False,
67,hybrid_kex,X25519MLKEM768,ECDSA-P256-SHA256,1120,108,71,1299,False,False,
68,hybrid_kex,X25519MLKEM768,ECDSA-P256-SHA256,1120,102,71,1293,False,False,
69,hybrid_kex,X25519MLKEM768,ECDSA-P256-SHA256,1120,108,70,1298,False,False,
70,hybrid_kex,X25519MLKEM768,ECDSA-P256-SHA256,1120,107,72,1299,False,False,
71,hybrid_kex,X25519MLKEM768,ECDSA-P256-SHA256,1120,104,71,1295,False,False,
72,hybrid_kex,X25519MLKEM768,ECDSA-P256-SHA256,1120,108,70,1298,False,False,
73,hybrid_kex,X25519MLKEM768,ECDSA-P256-SHA256,1120,105,71,1296,False,False,
74,hybrid_kex,X25519MLKEM768,ECDSA-P256-SHA256,1120,105,71,1296,False,False,
75,hybrid_kex,X25519MLKEM768,ECDSA-P256-SHA256,1120,106,72,1298,False,False,
76,hybrid_kex,X25519MLKEM768,ECDSA-P256-SHA256,1120,105,70,1295,False,False,
77,hybrid_kex,X25519MLKEM768,ECDSA-P256-SHA256,1120,108,70,1298,False,False,
78,hybrid_kex,X25519MLKEM768,ECDSA-P256-SHA256,1120,107,72,1299,False,False,
79,hybrid_kex,X25519MLKEM768,ECDSA-P256-SHA256,1120,105,72,1297,False,False,
80,hybrid_kex,X25519MLKEM768,ECDSA-P256-SHA256,1120,107,71,1298,False,False,
81,hybrid_kex,X25519MLKEM768,ECDSA-P256-SHA256,1120,108,72,1300,False,False,
82,hybrid_kex,X25519MLKEM768,ECDSA-P256-SHA256,1120,104,70,1294,False,False,
83,hybrid_kex,X25519MLKEM768,ECDSA-P256-SHA256,1120,104,70,1294,False,False,
84,hybrid_kex,X25519MLKEM768,ECDSA-P256-SHA256,1120,107,71,1298,False,False,
85,hybrid_kex,X25519MLKEM768,ECDSA-P256-SHA256,1120,108,72,1300,False,False,
86,hybrid_kex,X25519MLKEM768,ECDSA-P256-SHA256,1120,102,71,1293,False,False,
87,hybrid_kex,X25519MLKEM768,ECDSA-P256-SHA256,1120,108,72,1300,False,False,
88,hybrid_kex,X25519MLKEM768,ECDSA-P256-SHA256,1120,104,71,1295,False,False,
89,hybrid_kex,X25519MLKEM768,ECDSA-P256-SHA256,1120,106,72,1298,False,False,
90,hybrid_kex,X25519MLKEM768,ECDSA-P256-SHA256,1120,105,72,1297,False,False,
91,hybrid_kex,X25519MLKEM768,ECDSA-P256-SHA256,1120,108,70,1298,False,False,
92,hybrid_kex,X25519MLKEM768,ECDSA-P256-SHA256,1120,108,71,1299,False,False,
93,hybrid_kex,X25519MLKEM768,ECDSA-P256-SHA256,1120,105,71,1296,False,False,
94,hybrid_kex,X25519MLKEM768,ECDSA-P256-SHA256,1120,105,70,1295,False,False,
95,hybrid_kex,X25519MLKEM768,ECDSA-P256-SHA256,1120,107,72,1299,False,False,
96,hybrid_kex,X25519MLKEM768,ECDSA-P256-SHA256,1120,104,70,1294,False,False,
97,hybrid_kex,X25519MLKEM768,ECDSA-P256-SHA256,1120,105,70,1295,False,False,
98,hybrid_kex,X25519MLKEM768,ECDSA-P256-SHA256,1120,107,70,1297,False,False,
99,hybrid_kex,X25519MLKEM768,ECDSA-P256-SHA256,1120,106,71,1297,False,False,
100,hybrid_kex,X25519MLKEM768,ECDSA-P256-SHA256,1120,111,70,1301,False,False,
101,hybrid_kex,X25519MLKEM768,ECDSA-P256-SHA256,1120,109,71,1300,False,False,
102,hybrid_kex,X25519MLKEM768,ECDSA-P256-SHA256,1120,108,71,1299,False,False,
103,hybrid_kex,X25519MLKEM768,ECDSA-P256-SHA256,1120,109,72,1301,False,False,
104,hybrid_kex,X25519MLKEM768,ECDSA-P256-SHA256,1120,106,71,1297,False,False,
105,hybrid_kex,X25519MLKEM768,ECDSA-P256-SHA256,1120,102,71,1293,False,False,
106,hybrid_kex,X25519MLKEM768,ECDSA-P256-SHA256,1120,108,71,1299,False,False,
107,hybrid_kex,X25519MLKEM768,ECDSA-P256-SHA256,1120,105,71,1296,False,False,
108,hybrid_kex,X25519MLKEM768,ECDSA-P256-SHA256,1120,106,70,1296,False,False,
109,hybrid_kex,X25519MLKEM768,ECDSA-P256-SHA256,1120,106,71,1297,False,False,
110,hybrid_kex,X25519MLKEM768,ECDSA-P256-SHA256,1120,106,70,1296,False,False,
111,hybrid_kex,X25519MLKEM768,ECDSA-P256-SHA256,1120,102,72,1294,False,False,
112,hybrid_kex,X25519MLKEM768,ECDSA-P256-SHA256,1120,107,70,1297,False,False,
113,hybrid_kex,X25519MLKEM768,ECDSA-P256-SHA256,1120,107,71,1298,False,False,
114,hybrid_kex,X25519MLKEM768,ECDSA-P256-SHA256,1120,105,71,1296,False,False,
115,hybrid_kex,X25519MLKEM768,ECDSA-P256-SHA256,1120,107,71,1298,False,False,
116,hybrid_kex,X25519MLKEM768,ECDSA-P256-SHA256,1120,106,70,1296,False,False,
117,hybrid_kex,X25519MLKEM768,ECDSA-P256-SHA256,1120,109,72,1301,False,False,
118,hybrid_kex,X25519MLKEM768,ECDSA-P256-SHA256,1120,104,71,1295,False,False,
119,hybrid_kex,X25519MLKEM768,ECDSA-P256-SHA256,1120,108,71,1299,False,False,
120,hybrid_kex,X25519MLKEM768,ECDSA-P256-SHA256,1120,105,71,1296,False,False,
121,hybrid_kex,X25519MLKEM768,ECDSA-P256-SHA256,1120,108,71,1299,False,False,
122,hybrid_kex,X25519MLKEM768,ECDSA-P256-SHA256,1120,104,70,1294,False,False,
123,hybrid_kex,X25519MLKEM768,ECDSA-P256-SHA256,1120,108,71,1299,False,False,
124,hybrid_kex,X25519MLKEM768,ECDSA-P256-SHA256,1120,104,71,1295,False,False,
125,hybrid_kex,X25519MLKEM768,ECDSA-P256-SHA256,1120,107,70,1297,False,False,
126,hybrid_kex,X25519MLKEM768,ECDSA-P256-SHA256,1120,107,71,1298,False,False,
127,hybrid_kex,X25519MLKEM768,ECDSA-P256-SHA256,1120,109,72,1301,False,False,
128,hybrid_kex,X25519MLKEM768,ECDSA-P256-SHA256,1120,111,70,1301,False,False,
129,hybrid_kex,X25519MLKEM768,ECDSA-P256-SHA256,1120,108,71,1299,False,False,
130,hybrid_kex,X25519MLKEM768,ECDSA-P256-SHA256,1120,109,71,1300,False,False,
131,hybrid_kex,X25519MLKEM768,ECDSA-P256-SHA256,1120,106,71,1297,False,False,
132,hybrid_kex,X25519MLKEM768,ECDSA-P256-SHA256,1120,107,70,1297,False,False,
133,hybrid_kex,X25519MLKEM768,ECDSA-P256-SHA256,1120,104,72,1296,False,False,
134,hybrid_kex,X25519MLKEM768,ECDSA-P256-SHA256,1120,105,71,1296,False,False,
135,hybrid_kex,X25519MLKEM768,ECDSA-P256-SHA256,1120,108,71,1299,False,False,
136,hybrid_kex,X25519MLKEM768,ECDSA-P256-SHA256,1120,107,72,1299,False,False,
137,hybrid_kex,X25519MLKEM768,ECDSA-P256-SHA256,1120,106,70,1296,False,False,
138,hybrid_kex,X25519MLKEM768,ECDSA-P256-SHA256,1120,109,71,1300,False,False,
139,hybrid_kex,X25519MLKEM768,ECDSA-P256-SHA256,1120,106,71,1297,False,False,
140,hybrid_kex,X25519MLKEM768,ECDSA-P256-SHA256,1120,110,70,1300,False,False,
141,hybrid_kex,X25519MLKEM768,ECDSA-P256-SHA256,1120,104,72,1296,False,False,
142,hybrid_kex,X25519MLKEM768,ECDSA-P256-SHA256,1120,111,71,1302,False,False,
143,hybrid_kex,X25519MLKEM768,ECDSA-P256-SHA256,1120,108,71,1299,False,False,
144,hybrid_kex,X25519MLKEM768,ECDSA-P256-SHA256,1120,104,71,1295,False,False,
145,hybrid_kex,X25519MLKEM768,ECDSA-P256-SHA256,1120,106,71,1297,False,False,
146,hybrid_kex,X25519MLKEM768,ECDSA-P256-SHA256,1120,106,71,1297,False,False,
147,hybrid_kex,X25519MLKEM768,ECDSA-P256-SHA256,1120,102,70,1292,False,False,
148,hybrid_kex,X25519MLKEM768,ECDSA-P256-SHA256,1120,107,71,1298,False,False,
149,hybrid_kex,X25519MLKEM768,ECDSA-P256-SHA256,1120,107,71,1298,False,False,
150,hybrid_kex,X25519MLKEM768,ECDSA-P256-SHA256,1120,102,72,1294,False,False,
151,hybrid_kex,X25519MLKEM768,ECDSA-P256-SHA256,1120,105,71,1296,False,False,
152,hybrid_kex,X25519MLKEM768,ECDSA-P256-SHA256,1120,102,71,1293,False,False,
153,hybrid_kex,X25519MLKEM768,ECDSA-P256-SHA256,1120,105,71,1296,False,False,
154,hybrid_kex,X25519MLKEM768,ECDSA-P256-SHA256,1120,106,71,1297,False,False,
155,hybrid_kex,X25519MLKEM768,ECDSA-P256-SHA256,1120,109,70,1299,False,False,
156,hybrid_kex,X25519MLKEM768,ECDSA-P256-SHA256,1120,105,71,1296,False,False,
157,hybrid_kex,X25519MLKEM768,ECDSA-P256-SHA256,1120,109,70,1299,False,False,
158,hybrid_kex,X25519MLKEM768,ECDSA-P256-SHA256,1120,102,70,1292,False,False,
159,hybrid_kex,X25519MLKEM768,ECDSA-P256-SHA256,1120,107,71,1298,False,False,
160,hybrid_kex,X25519MLKEM768,ECDSA-P256-SHA256,1120,108,71,1299,False,False,
161,hybrid_kex,X25519MLKEM768,ECDSA-P256-SHA256,1120,106,71,1297,False,False,
162,hybrid_kex,X25519MLKEM768,ECDSA-P256-SHA256,1120,108,72,1300,False,False,
163,hybrid_kex,X25519MLKEM768,ECDSA-P256-SHA256,1120,110,72,1302,False,False,
164,hybrid_kex,X25519MLKEM768,ECDSA-P256-SHA256,1120,110,70,1300,False,False,
165,hybrid_kex,X25519MLKEM768,ECDSA-P256-SHA256,1120,107,71,1298,False,False,
166,hybrid_kex,X25519MLKEM768,ECDSA-P256-SHA256,1120,106,71,1297,False,False,
167,hybrid_kex,X25519MLKEM768,ECDSA-P256-SHA256,1120,105,71,1296,False,False,
168,hybrid_kex,X25519MLKEM768,ECDSA-P256-SHA256,1120,108,72,1300,False,False,
169,hybrid_kex,X25519MLKEM768,ECDSA-P256-SHA256,1120,105,71,1296,False,False,
170,hybrid_kex,X25519MLKEM768,ECDSA-P256-SHA256,1120,105,72,1297,False,False,
171,hybrid_kex,X25519MLKEM768,ECDSA-P256-SHA256,1120,102,70,1292,False,False,
172,hybrid_kex,X25519MLKEM768,ECDSA-P256-SHA256,1120,102,71,1293,False,False,
173,hybrid_kex,X25519MLKEM768,ECDSA-P256-SHA256,1120,108,72,1300,False,False,
174,hybrid_kex,X25519MLKEM768,ECDSA-P256-SHA256,1120,108,70,1298,False,False,
175,hybrid_kex,X25519MLKEM768,ECDSA-P256-SHA256,1120,108,72,1300,False,False,
176,hybrid_kex,X25519MLKEM768,ECDSA-P256-SHA256,1120,106,71,1297,False,False,
177,hybrid_kex,X25519MLKEM768,ECDSA-P256-SHA256,1120,104,72,1296,False,False,
178,hybrid_kex,X25519MLKEM768,ECDSA-P256-SHA256,1120,105,72,1297,False,False,
179,hybrid_kex,X25519MLKEM768,ECDSA-P256-SHA256,1120,108,70,1298,False,False,
180,hybrid_kex,X25519MLKEM768,ECDSA-P256-SHA256,1120,105,71,1296,False,False,
181,hybrid_kex,X25519MLKEM768,ECDSA-P256-SHA256,1120,107,71,1298,False,False,
182,hybrid_kex,X25519MLKEM768,ECDSA-P256-SHA256,1120,106,70,1296,False,False,
183,hybrid_kex,X25519MLKEM768,ECDSA-P256-SHA256,1120,106,71,1297,False,False,
184,hybrid_kex,X25519MLKEM768,ECDSA-P256-SHA256,1120,106,71,1297,False,False,
185,hybrid_kex,X25519MLKEM768,ECDSA-P256-SHA256,1120,102,70,1292,False,False,
186,hybrid_kex,X25519MLKEM768,ECDSA-P256-SHA256,1120,105,70,1295,False,False,
187,hybrid_kex,X25519MLKEM768,ECDSA-P256-SHA256,1120,102,71,1293,False,False,
188,hybrid_kex,X25519MLKEM768,ECDSA-P256-SHA256,1120,107,71,1298,False,False,
189,hybrid_kex,X25519MLKEM768,ECDSA-P256-SHA256,1120,107,71,1298,False,False,
190,hybrid_kex,X25519MLKEM768,ECDSA-P256-SHA256,1120,108,72,1300,False,False,
191,hybrid_kex,X25519MLKEM768,ECDSA-P256-SHA256,1120,110,71,1301,False,False,
192,hybrid_kex,X25519MLKEM768,ECDSA-P256-SHA256,1120,108,71,1299,False,False,
193,hybrid_kex,X25519MLKEM768,ECDSA-P256-SHA256,1120,107,72,1299,False,False,
194,hybrid_kex,X25519MLKEM768,ECDSA-P256-SHA256,1120,107,72,1299,False,False,
195,hybrid_kex,X25519MLKEM768,ECDSA-P256-SHA256,1120,105,71,1296,False,False,
196,hybrid_kex,X25519MLKEM768,ECDSA-P256-SHA256,1120,107,72,1299,False,False,
197,hybrid_kex,X25519MLKEM768,ECDSA-P256-SHA256,1120,108,72,1300,False,False,
198,hybrid_kex,X25519MLKEM768,ECDSA-P256-SHA256,1120,106,71,1297,False,False,
199,hybrid_kex,X25519MLKEM768,ECDSA-P256-SHA256,1120,104,70,1294,False,False,
200,hybrid_kex,X25519MLKEM768,ECDSA-P256-SHA256,1120,104,71,1295,False,False,
201,hybrid_kex,X25519MLKEM768,ECDSA-P256-SHA256,1120,109,71,1300,False,False,
202,hybrid_kex,X25519MLKEM768,ECDSA-P256-SHA256,1120,106,71,1297,False,False,
203,hybrid_kex,X25519MLKEM768,ECDSA-P256-SHA256,1120,104,71,1295,False,False,
204,hybrid_kex,X25519MLKEM768,ECDSA-P256-SHA256,1120,106,71,1297,False,False,
205,hybrid_kex,X25519MLKEM768,ECDSA-P256-SHA256,1120,106,70,1296,False,False,
206,hybrid_kex,X25519MLKEM768,ECDSA-P256-SHA256,1120,109,71,1300,False,False,
207,hybrid_kex,X25519MLKEM768,ECDSA-P256-SHA256,1120,104,70,1294,False,False,
208,hybrid_kex,X25519MLKEM768,ECDSA-P256-SHA256,1120,106,71,1297,False,False,
209,hybrid_kex,X25519MLKEM768,ECDSA-P256-SHA256,1120,108,71,1299,False,False,
210,hybrid_kex,X25519MLKEM768,ECDSA-P256-SHA256,1120,104,69,1293,False,False,
211,hybrid_kex,X25519MLKEM768,ECDSA-P256-SHA256,1120,106,72,1298,False,False,
212,hybrid_kex,X25519MLKEM768,ECDSA-P256-SHA256,1120,104,71,1295,False,False,
213,hybrid_kex,X25519MLKEM768,ECDSA-P256-SHA256,1120,110,72,1302,False,False,
214,hybrid_kex,X25519MLKEM768,ECDSA-P256-SHA256,1120,106,71,1297,False,False,
215,hybrid_kex,X25519MLKEM768,ECDSA-P256-SHA256,1120,107,70,1297,False,False,
216,hybrid_kex,X25519MLKEM768,ECDSA-P256-SHA256,1120,105,71,1296,False,False,
217,hybrid_kex,X25519MLKEM768,ECDSA-P256-SHA256,1120,104,71,1295,False,False,
218,hybrid_kex,X25519MLKEM768,ECDSA-P256-SHA256,1120,108,71,1299,False,False,
219,hybrid_kex,X25519MLKEM768,ECDSA-P256-SHA256,1120,108,71,1299,False,False,
220,hybrid_kex,X25519MLKEM768,ECDSA-P256-SHA256,1120,104,71,1295,False,False,
221,hybrid_kex,X25519MLKEM768,ECDSA-P256-SHA256,1120,106,71,1297,False,False,
222,hybrid_kex,X25519MLKEM768,ECDSA-P256-SHA256,1120,111,72,1303,False,False,
223,hybrid_kex,X25519MLKEM768,ECDSA-P256-SHA256,1120,107,71,1298,False,False,
224,hybrid_kex,X25519MLKEM768,ECDSA-P256-SHA256,1120,102,70,1292,False,False,
225,hybrid_kex,X25519MLKEM768,ECDSA-P256-SHA256,1120,105,71,1296,False,False,
226,hybrid_kex,X25519MLKEM768,ECDSA-P256-SHA256,1120,106,71,1297,False,False,
227,hybrid_kex,X25519MLKEM768,ECDSA-P256-SHA256,1120,107,71,1298,False,False,
228,hybrid_kex,X25519MLKEM768,ECDSA-P256-SHA256,1120,109,70,1299,False,False,
229,hybrid_kex,X25519MLKEM768,ECDSA-P256-SHA256,1120,106,70,1296,False,False,
230,hybrid_kex,X25519MLKEM768,ECDSA-P256-SHA256,1120,106,70,1296,False,False,
231,hybrid_kex,X25519MLKEM768,ECDSA-P256-SHA256,1120,107,72,1299,False,False,
232,hybrid_kex,X25519MLKEM768,ECDSA-P256-SHA256,1120,109,71,1300,False,False,
233,hybrid_kex,X25519MLKEM768,ECDSA-P256-SHA256,1120,105,70,1295,False,False,
234,hybrid_kex,X25519MLKEM768,ECDSA-P256-SHA256,1120,107,72,1299,False,False,
235,hybrid_kex,X25519MLKEM768,ECDSA-P256-SHA256,1120,104,70,1294,False,False,
236,hybrid_kex,X25519MLKEM768,ECDSA-P256-SHA256,1120,105,71,1296,False,False,
237,hybrid_kex,X25519MLKEM768,ECDSA-P256-SHA256,1120,102,71,1293,False,False,
238,hybrid_kex,X25519MLKEM768,ECDSA-P256-SHA256,1120,108,71,1299,False,False,
239,hybrid_kex,X25519MLKEM768,ECDSA-P256-SHA256,1120,108,72,1300,False,False,
240,hybrid_kex,X25519MLKEM768,ECDSA-P256-SHA256,1120,108,71,1299,False,False,
241,hybrid_kex,X25519MLKEM768,ECDSA-P256-SHA256,1120,106,70,1296,False,False,
242,hybrid_kex,X25519MLKEM768,ECDSA-P256-SHA256,1120,104,72,1296,False,False,
243,hybrid_kex,X25519MLKEM768,ECDSA-P256-SHA256,1120,104,72,1296,False,False,
244,hybrid_kex,X25519MLKEM768,ECDSA-P256-SHA256,1120,106,72,1298,False,False,
245,hybrid_kex,X25519MLKEM768,ECDSA-P256-SHA256,1120,109,72,1301,False,False,
246,hybrid_kex,X25519MLKEM768,ECDSA-P256-SHA256,1120,106,70,1296,False,False,
247,hybrid_kex,X25519MLKEM768,ECDSA-P256-SHA256,1120,105,71,1296,False,False,
248,hybrid_kex,X25519MLKEM768,ECDSA-P256-SHA256,1120,110,71,1301,False,False,
249,hybrid_kex,X25519MLKEM768,ECDSA-P256-SHA256,1120,105,71,1296,False,False,
250,hybrid_kex,X25519MLKEM768,ECDSA-P256-SHA256,1120,110,70,1300,False,False,
251,hybrid_kex,X25519MLKEM768,ECDSA-P256-SHA256,1120,105,70,1295,False,False,
252,hybrid_kex,X25519MLKEM768,ECDSA-P256-SHA256,1120,106,71,1297,False,False,
253,hybrid_kex,X25519MLKEM768,ECDSA-P256-SHA256,1120,109,70,1299,False,False,
254,hybrid_kex,X25519MLKEM768,ECDSA-P256-SHA256,1120,105,70,1295,False,False,
255,hybrid_kex,X25519MLKEM768,ECDSA-P256-SHA256,1120,110,71,1301,False,False,
256,hybrid_kex,X25519MLKEM768,ECDSA-P256-SHA256,1120,104,71,1295,False,False,
257,hybrid_kex,X25519MLKEM768,ECDSA-P256-SHA256,1120,108,72,1300,False,False,
258,hybrid_kex,X25519MLKEM768,ECDSA-P256-SHA256,1120,110,70,1300,False,False,
259,hybrid_kex,X25519MLKEM768,ECDSA-P256-SHA256,1120,109,70,1299,False,False,
260,hybrid_kex,X25519MLKEM768,ECDSA-P256-SHA256,1120,106,71,1297,False,False,
261,hybrid_kex,X25519MLKEM768,ECDSA-P256-SHA256,1120,102,71,1293,False,False,
262,hybrid_kex,X25519MLKEM768,ECDSA-P256-SHA256,1120,105,71,1296,False,False,
263,hybrid_kex,X25519MLKEM768,ECDSA-P256-SHA256,1120,106,71,1297,False,False,
264,hybrid_kex,X25519MLKEM768,ECDSA-P256-SHA256,1120,105,71,1296,False,False,
265,hybrid_kex,X25519MLKEM768,ECDSA-P256-SHA256,1120,107,71,1298,False,False,
266,hybrid_kex,X25519MLKEM768,ECDSA-P256-SHA256,1120,107,71,1298,False,False,
267,hybrid_kex,X25519MLKEM768,ECDSA-P256-SHA256,1120,109,71,1300,False,False,
268,hybrid_kex,X25519MLKEM768,ECDSA-P256-SHA256,1120,107,71,1298,False,False,
269,hybrid_kex,X25519MLKEM768,ECDSA-P256-SHA256,1120,105,72,1297,False,False,
270,hybrid_kex,X25519MLKEM768,ECDSA-P256-SHA256,1120,107,71,1298,False,False,
271,hybrid_kex,X25519MLKEM768,ECDSA-P256-SHA256,1120,104,71,1295,False,False,
272,hybrid_kex,X25519MLKEM768,ECDSA-P256-SHA256,1120,106,72,1298,False,False,
273,hybrid_kex,X25519MLKEM768,ECDSA-P256-SHA256,1120,104,71,1295,False,False,
274,hybrid_kex,X25519MLKEM768,ECDSA-P256-SHA256,1120,108,71,1299,False,False,
275,hybrid_kex,X25519MLKEM768,ECDSA-P256-SHA256,1120,105,71,1296,False,False,
276,hybrid_kex,X25519MLKEM768,ECDSA-P256-SHA256,1120,107,72,1299,False,False,
277,hybrid_kex,X25519MLKEM768,ECDSA-P256-SHA256,1120,105,70,1295,False,False,
278,hybrid_kex,X25519MLKEM768,ECDSA-P256-SHA256,1120,105,71,1296,False,False,
279,hybrid_kex,X25519MLKEM768,ECDSA-P256-SHA256,1120,106,71,1297,False,False,
280,hybrid_kex,X25519MLKEM768,ECDSA-P256-SHA256,1120,105,70,1295,False,False,
281,hybrid_kex,X25519MLKEM768,ECDSA-P256-SHA256,1120,109,70,1299,False,False,
282,hybrid_kex,X25519MLKEM768,ECDSA-P256-SHA256,1120,110,72,1302,False,False,
283,hybrid_kex,X25519MLKEM768,ECDSA-P256-SHA256,1120,108,72,1300,False,False,
284,hybrid_kex,X25519MLKEM768,ECDSA-P256-SHA256,1120,108,70,1298,False,False,
285,hybrid_kex,X25519MLKEM768,ECDSA-P256-SHA256,1120,104,71,1295,False,False,
286,hybrid_kex,X25519MLKEM768,ECDSA-P256-SHA256,1120,108,71,1299,False,False,
287,hybrid_kex,X25519MLKEM768,ECDSA-P256-SHA256,1120,104,71,1295,False,False,
288,hybrid_kex,X25519MLKEM768,ECDSA-P256-SHA256,1120,106,71,1297,False,False,
289,hybrid_kex,X25519MLKEM768,ECDSA-P256-SHA256,1120,106,71,1297,False,False,
290,hybrid_kex,X25519MLKEM768,ECDSA-P256-SHA256,1120,106,71,1297,False,False,
291,hybrid_kex,X25519MLKEM768,ECDSA-P256-SHA256,1120,105,72,1297,False,False,
292,hybrid_kex,X25519MLKEM768,ECDSA-P256-SHA256,1120,107,71,1298,False,False,
293,hybrid_kex,X25519MLKEM768,ECDSA-P256-SHA256,1120,106,71,1297,False,False,
294,hybrid_kex,X25519MLKEM768,ECDSA-P256-SHA256,1120,102,70,1292,False,False,
295,hybrid_kex,X25519MLKEM768,ECDSA-P256-SHA256,1120,102,72,1294,False,False,
296,hybrid_kex,X25519MLKEM768,ECDSA-P256-SHA256,1120,109,71,1300,False,False,
297,hybrid_kex,X25519MLKEM768,ECDSA-P256-SHA256,1120,107,70,1297,False,False,
298,hybrid_kex,X25519MLKEM768,ECDSA-P256-SHA256,1120,109,71,1300,False,False,
299,hybrid_kex,X25519MLKEM768,ECDSA-P256-SHA256,1120,104,71,1295,False,False,
300,hybrid_kex,X25519MLKEM768,ECDSA-P256-SHA256,1120,106,71,1297,False,False,
301,hybrid_kex,X25519MLKEM768,ECDSA-P256-SHA256,1120,104,72,1296,False,False,
302,hybrid_kex,X25519MLKEM768,ECDSA-P256-SHA256,1120,102,72,1294,False,False,
303,hybrid_kex,X25519MLKEM768,ECDSA-P256-SHA256,1120,109,71,1300,False,False,
304,hybrid_kex,X25519MLKEM768,ECDSA-P256-SHA256,1120,105,70,1295,False,False,
305,hybrid_kex,X25519MLKEM768,ECDSA-P256-SHA256,1120,108,71,1299,False,False,
306,hybrid_kex,X25519MLKEM768,ECDSA-P256-SHA256,1120,108,71,1299,False,False,
307,hybrid_kex,X25519MLKEM768,ECDSA-P256-SHA256,1120,102,71,1293,False,False,
308,hybrid_kex,X25519MLKEM768,ECDSA-P256-SHA256,1120,108,71,1299,False,False,
309,hybrid_kex,X25519MLKEM768,ECDSA-P256-SHA256,1120,106,72,1298,False,False,
310,hybrid_kex,X25519MLKEM768,ECDSA-P256-SHA256,1120,106,71,1297,False,False,
311,hybrid_kex,X25519MLKEM768,ECDSA-P256-SHA256,1120,107,71,1298,False,False,
312,hybrid_kex,X25519MLKEM768,ECDSA-P256-SHA256,1120,107,71,1298,False,False,
313,hybrid_kex,X25519MLKEM768,ECDSA-P256-SHA256,1120,102,72,1294,False,False,
314,hybrid_kex,X25519MLKEM768,ECDSA-P256-SHA256,1120,110,71,1301,False,False,
315,hybrid_kex,X25519MLKEM768,ECDSA-P256-SHA256,1120,107,70,1297,False,False,
316,hybrid_kex,X25519MLKEM768,ECDSA-P256-SHA256,1120,104,71,1295,False,False,
317,hybrid_kex,X25519MLKEM768,ECDSA-P256-SHA256,1120,104,71,1295,False,False,
318,hybrid_kex,X25519MLKEM768,ECDSA-P256-SHA256,1120,106,72,1298,False,False,
319,hybrid_kex,X25519MLKEM768,ECDSA-P256-SHA256,1120,109,71,1300,False,False,
320,hybrid_kex,X25519MLKEM768,ECDSA-P256-SHA256,1120,106,71,1297,False,False,
321,hybrid_kex,X25519MLKEM768,ECDSA-P256-SHA256,1120,102,70,1292,False,False,
322,hybrid_kex,X25519MLKEM768,ECDSA-P256-SHA256,1120,108,71,1299,False,False,
323,hybrid_kex,X25519MLKEM768,ECDSA-P256-SHA256,1120,105,70,1295,False,False,
324,hybrid_kex,X25519MLKEM768,ECDSA-P256-SHA256,1120,107,72,1299,False,False,
325,hybrid_kex,X25519MLKEM768,ECDSA-P256-SHA256,1120,104,70,1294,False,False,
326,hybrid_kex,X25519MLKEM768,ECDSA-P256-SHA256,1120,109,71,1300,False,False,
327,hybrid_kex,X25519MLKEM768,ECDSA-P256-SHA256,1120,102,72,1294,False,False,
328,hybrid_kex,X25519MLKEM768,ECDSA-P256-SHA256,1120,105,72,1297,False,False,
329,hybrid_kex,X25519MLKEM768,ECDSA-P256-SHA256,1120,104,70,1294,False,False,
330,hybrid_kex,X25519MLKEM768,ECDSA-P256-SHA256,1120,109,72,1301,False,False,
331,hybrid_kex,X25519MLKEM768,ECDSA-P256-SHA256,1120,107,71,1298,False,False,
332,hybrid_kex,X25519MLKEM768,ECDSA-P256-SHA256,1120,106,70,1296,False,False,
333,hybrid_kex,X25519MLKEM768,ECDSA-P256-SHA256,1120,104,71,1295,False,False,
334,hybrid_kex,X25519MLKEM768,ECDSA-P256-SHA256,1120,106,71,1297,False,False,
335,hybrid_kex,X25519MLKEM768,ECDSA-P256-SHA256,1120,107,72,1299,False,False,
336,hybrid_kex,X25519MLKEM768,ECDSA-P256-SHA256,1120,105,71,1296,False,False,
337,hybrid_kex,X25519MLKEM768,ECDSA-P256-SHA256,1120,106,71,1297,False,False,
338,hybrid_kex,X25519MLKEM768,ECDSA-P256-SHA256,1120,102,70,1292,False,False,
339,hybrid_kex,X25519MLKEM768,ECDSA-P256-SHA256,1120,107,71,1298,False,False,
340,hybrid_kex,X25519MLKEM768,ECDSA-P256-SHA256,1120,105,71,1296,False,False,
341,hybrid_kex,X25519MLKEM768,ECDSA-P256-SHA256,1120,109,70,1299,False,False,
342,hybrid_kex,X25519MLKEM768,ECDSA-P256-SHA256,1120,107,71,1298,False,False,
343,hybrid_kex,X25519MLKEM768,ECDSA-P256-SHA256,1120,107,70,1297,False,False,
344,hybrid_kex,X25519MLKEM768,ECDSA-P256-SHA256,1120,107,70,1297,False,False,
345,hybrid_kex,X25519MLKEM768,ECDSA-P256-SHA256,1120,107,70,1297,False,False,
346,hybrid_kex,X25519MLKEM768,ECDSA-P256-SHA256,1120,105,70,1295,False,False,
347,hybrid_kex,X25519MLKEM768,ECDSA-P256-SHA256,1120,105,71,1296,False,False,
348,hybrid_kex,X25519MLKEM768,ECDSA-P256-SHA256,1120,106,71,1297,False,False,
349,hybrid_kex,X25519MLKEM768,ECDSA-P256-SHA256,1120,102,71,1293,False,False,
350,hybrid_kex,X25519MLKEM768,ECDSA-P256-SHA256,1120,110,72,1302,False,False,
351,hybrid_kex,X25519MLKEM768,ECDSA-P256-SHA256,1120,106,70,1296,False,False,
352,hybrid_kex,X25519MLKEM768,ECDSA-P256-SHA256,1120,106,71,1297,False,False,
353,hybrid_kex,X25519MLKEM768,ECDSA-P256-SHA256,1120,106,70,1296,False,False,
354,hybrid_kex,X25519MLKEM768,ECDSA-P256-SHA256,1120,104,70,1294,False,False,
355,hybrid_kex,X25519MLKEM768,ECDSA-P256-SHA256,1120,108,72,1300,False,False,
356,hybrid_kex,X25519MLKEM768,ECDSA-P256-SHA256,1120,107,71,1298,False,False,
357,hybrid_kex,X25519MLKEM768,ECDSA-P256-SHA256,1120,108,71,1299,False,False,
358,hybrid_kex,X25519MLKEM768,ECDSA-P256-SHA256,1120,105,72,1297,False,False,
359,hybrid_kex,X25519MLKEM768,ECDSA-P256-SHA256,1120,104,70,1294,False,False,
360,hybrid_kex,X25519MLKEM768,ECDSA-P256-SHA256,1120,102,72,1294,False,False,
361,hybrid_kex,X25519MLKEM768,ECDSA-P256-SHA256,1120,108,71,1299,False,False,
362,hybrid_kex,X25519MLKEM768,ECDSA-P256-SHA256,1120,105,70,1295,False,False,
363,hybrid_kex,X25519MLKEM768,ECDSA-P256-SHA256,1120,107,70,1297,False,False,
364,hybrid_kex,X25519MLKEM768,ECDSA-P256-SHA256,1120,108,72,1300,False,False,
365,hybrid_kex,X25519MLKEM768,ECDSA-P256-SHA256,1120,102,71,1293,False,False,
366,hybrid_kex,X25519MLKEM768,ECDSA-P256-SHA256,1120,108,71,1299,False,False,
367,hybrid_kex,X25519MLKEM768,ECDSA-P256-SHA256,1120,106,70,1296,False,False,
368,hybrid_kex,X25519MLKEM768,ECDSA-P256-SHA256,1120,105,71,1296,False,False,
369,hybrid_kex,X25519MLKEM768,ECDSA-P256-SHA256,1120,107,71,1298,False,False,
370,hybrid_kex,X25519MLKEM768,ECDSA-P256-SHA256,1120,104,71,1295,False,False,
371,hybrid_kex,X25519MLKEM768,ECDSA-P256-SHA256,1120,106,70,1296,False,False,
372,hybrid_kex,X25519MLKEM768,ECDSA-P256-SHA256,1120,106,71,1297,False,False,
373,hybrid_kex,X25519MLKEM768,ECDSA-P256-SHA256,1120,106,71,1297,False,False,
374,hybrid_kex,X25519MLKEM768,ECDSA-P256-SHA256,1120,108,71,1299,False,False,
375,hybrid_kex,X25519MLKEM768,ECDSA-P256-SHA256,1120,105,72,1297,False,False,
376,hybrid_kex,X25519MLKEM768,ECDSA-P256-SHA256,1120,104,71,1295,False,False,
377,hybrid_kex,X25519MLKEM768,ECDSA-P256-SHA256,1120,107,72,1299,False,False,
378,hybrid_kex,X25519MLKEM768,ECDSA-P256-SHA256,1120,108,71,1299,False,False,
379,hybrid_kex,X25519MLKEM768,ECDSA-P256-SHA256,1120,108,72,1300,False,False,
380,hybrid_kex,X25519MLKEM768,ECDSA-P256-SHA256,1120,106,72,1298,False,False,
381,hybrid_kex,X25519MLKEM768,ECDSA-P256-SHA256,1120,106,71,1297,False,False,
382,hybrid_kex,X25519MLKEM768,ECDSA-P256-SHA256,1120,111,71,1302,False,False,
383,hybrid_kex,X25519MLKEM768,ECDSA-P256-SHA256,1120,104,72,1296,False,False,
384,hybrid_kex,X25519MLKEM768,ECDSA-P256-SHA256,1120,107,72,1299,False,False,
385,hybrid_kex,X25519MLKEM768,ECDSA-P256-SHA256,1120,107,71,1298,False,False,
386,hybrid_kex,X25519MLKEM768,ECDSA-P256-SHA256,1120,106,71,1297,False,False,
387,hybrid_kex,X25519MLKEM768,ECDSA-P256-SHA256,1120,108,70,1298,False,False,
388,hybrid_kex,X25519MLKEM768,ECDSA-P256-SHA256,1120,108,71,1299,False,False,
389,hybrid_kex,X25519MLKEM768,ECDSA-P256-SHA256,1120,107,70,1297,False,False,
390,hybrid_kex,X25519MLKEM768,ECDSA-P256-SHA256,1120,110,70,1300,False,False,
391,hybrid_kex,X25519MLKEM768,ECDSA-P256-SHA256,1120,105,70,1295,False,False,
392,hybrid_kex,X25519MLKEM768,ECDSA-P256-SHA256,1120,105,72,1297,False,False,
393,hybrid_kex,X25519MLKEM768,ECDSA-P256-SHA256,1120,105,71,1296,False,False,
394,hybrid_kex,X25519MLKEM768,ECDSA-P256-SHA256,1120,108,72,1300,False,False,
395,hybrid_kex,X25519MLKEM768,ECDSA-P256-SHA256,1120,109,70,1299,False,False,
396,hybrid_kex,X25519MLKEM768,ECDSA-P256-SHA256,1120,109,72,1301,False,False,
397,hybrid_kex,X25519MLKEM768,ECDSA-P256-SHA256,1120,109,70,1299,False,False,
398,hybrid_kex,X25519MLKEM768,ECDSA-P256-SHA256,1120,104,71,1295,False,False,
399,hybrid_kex,X25519MLKEM768,ECDSA-P256-SHA256,1120,107,72,1299,False,False,
400,hybrid_kex,X25519MLKEM768,ECDSA-P256-SHA256,1120,104,72,1296,False,False,
401,hybrid_kex,X25519MLKEM768,ECDSA-P256-SHA256,1120,105,71,1296,False,False,
402,hybrid_kex,X25519MLKEM768,ECDSA-P256-SHA256,1120,105,71,1296,False,False,
403,hybrid_kex,X25519MLKEM768,ECDSA-P256-SHA256,1120,107,72,1299,False,False,
404,hybrid_kex,X25519MLKEM768,ECDSA-P256-SHA256,1120,105,71,1296,False,False,
405,hybrid_kex,X25519MLKEM768,ECDSA-P256-SHA256,1120,107,71,1298,False,False,
406,hybrid_kex,X25519MLKEM768,ECDSA-P256-SHA256,1120,104,71,1295,False,False,
407,hybrid_kex,X25519MLKEM768,ECDSA-P256-SHA256,1120,107,71,1298,False,False,
408,hybrid_kex,X25519MLKEM768,ECDSA-P256-SHA256,1120,107,70,1297,False,False,
409,hybrid_kex,X25519MLKEM768,ECDSA-P256-SHA256,1120,105,70,1295,False,False,
410,hybrid_kex,X25519MLKEM768,ECDSA-P256-SHA256,1120,105,72,1297,False,False,
411,hybrid_kex,X25519MLKEM768,ECDSA-P256-SHA256,1120,102,72,1294,False,False,
412,hybrid_kex,X25519MLKEM768,ECDSA-P256-SHA256,1120,108,72,1300,False,False,
413,hybrid_kex,X25519MLKEM768,ECDSA-P256-SHA256,1120,107,72,1299,False,False,
414,hybrid_kex,X25519MLKEM768,ECDSA-P256-SHA256,1120,107,71,1298,False,False,
415,hybrid_kex,X25519MLKEM768,ECDSA-P256-SHA256,1120,105,71,1296,False,False,
416,hybrid_kex,X25519MLKEM768,ECDSA-P256-SHA256,1120,105,71,1296,False,False,
417,hybrid_kex,X25519MLKEM768,ECDSA-P256-SHA256,1120,108,72,1300,False,False,
418,hybrid_kex,X25519MLKEM768,ECDSA-P256-SHA256,1120,107,71,1298,False,False,
419,hybrid_kex,X25519MLKEM768,ECDSA-P256-SHA256,1120,105,71,1296,False,False,
420,hybrid_kex,X25519MLKEM768,ECDSA-P256-SHA256,1120,104,70,1294,False,False,
421,hybrid_kex,X25519MLKEM768,ECDSA-P256-SHA256,1120,108,71,1299,False,False,
422,hybrid_kex,X25519MLKEM768,ECDSA-P256-SHA256,1120,108,72,1300,False,False,
423,hybrid_kex,X25519MLKEM768,ECDSA-P256-SHA256,1120,107,72,1299,False,False,
424,hybrid_kex,X25519MLKEM768,ECDSA-P256-SHA256,1120,102,71,1293,False,False,
425,hybrid_kex,X25519MLKEM768,ECDSA-P256-SHA256,1120,110,71,1301,False,False,
426,hybrid_kex,X25519MLKEM768,ECDSA-P256-SHA256,1120,109,71,1300,False,False,
427,hybrid_kex,X25519MLKEM768,ECDSA-P256-SHA256,1120,106,71,1297,False,False,
428,hybrid_kex,X25519MLKEM768,ECDSA-P256-SHA256,1120,102,72,1294,False,False,
429,hybrid_kex,X25519MLKEM768,ECDSA-P256-SHA256,1120,108,70,1298,False,False,
430,hybrid_kex,X25519MLKEM768,ECDSA-P256-SHA256,1120,107,72,1299,False,False,
431,hybrid_kex,X25519MLKEM768,ECDSA-P256-SHA256,1120,105,70,1295,False,False,
432,hybrid_kex,X25519MLKEM768,ECDSA-P256-SHA256,1120,107,72,1299,False,False,
433,hybrid_kex,X25519MLKEM768,ECDSA-P256-SHA256,1120,108,70,1298,False,False,
434,hybrid_kex,X25519MLKEM768,ECDSA-P256-SHA256,1120,106,70,1296,False,False,
435,hybrid_kex,X25519MLKEM768,ECDSA-P256-SHA256,1120,108,72,1300,False,False,
436,hybrid_kex,X25519MLKEM768,ECDSA-P256-SHA256,1120,106,70,1296,False,False,
437,hybrid_kex,X25519MLKEM768,ECDSA-P256-SHA256,1120,102,70,1292,False,False,
438,hybrid_kex,X25519MLKEM768,ECDSA-P256-SHA256,1120,105,70,1295,False,False,
439,hybrid_kex,X25519MLKEM768,ECDSA-P256-SHA256,1120,110,72,1302,False,False,
440,hybrid_kex,X25519MLKEM768,ECDSA-P256-SHA256,1120,107,70,1297,False,False,
441,hybrid_kex,X25519MLKEM768,ECDSA-P256-SHA256,1120,104,71,1295,False,False,
442,hybrid_kex,X25519MLKEM768,ECDSA-P256-SHA256,1120,107,72,1299,False,False,
443,hybrid_kex,X25519MLKEM768,ECDSA-P256-SHA256,1120,104,71,1295,False,False,
444,hybrid_kex,X25519MLKEM768,ECDSA-P256-SHA256,1120,102,71,1293,False,False,
445,hybrid_kex,X25519MLKEM768,ECDSA-P256-SHA256,1120,105,71,1296,False,False,
446,hybrid_kex,X25519MLKEM768,ECDSA-P256-SHA256,1120,106,71,1297,False,False,
447,hybrid_kex,X25519MLKEM768,ECDSA-P256-SHA256,1120,102,70,1292,False,False,
448,hybrid_kex,X25519MLKEM768,ECDSA-P256-SHA256,1120,105,72,1297,False,False,
449,hybrid_kex,X25519MLKEM768,ECDSA-P256-SHA256,1120,109,71,1300,False,False,
450,hybrid_kex,X25519MLKEM768,ECDSA-P256-SHA256,1120,110,72,1302,False,False,
451,hybrid_kex,X25519MLKEM768,ECDSA-P256-SHA256,1120,106,71,1297,False,False,
452,hybrid_kex,X25519MLKEM768,ECDSA-P256-SHA256,1120,108,70,1298,False,False,
453,hybrid_kex,X25519MLKEM768,ECDSA-P256-SHA256,1120,106,72,1298,False,False,
454,hybrid_kex,X25519MLKEM768,ECDSA-P256-SHA256,1120,110,70,1300,False,False,
455,hybrid_kex,X25519MLKEM768,ECDSA-P256-SHA256,1120,108,70,1298,False,False,
456,hybrid_kex,X25519MLKEM768,ECDSA-P256-SHA256,1120,102,70,1292,False,False,
457,hybrid_kex,X25519MLKEM768,ECDSA-P256-SHA256,1120,105,70,1295,False,False,
458,hybrid_kex,X25519MLKEM768,ECDSA-P256-SHA256,1120,108,72,1300,False,False,
459,hybrid_kex,X25519MLKEM768,ECDSA-P256-SHA256,1120,105,70,1295,False,False,
460,hybrid_kex,X25519MLKEM768,ECDSA-P256-SHA256,1120,108,72,1300,False,False,
461,hybrid_kex,X25519MLKEM768,ECDSA-P256-SHA256,1120,108,71,1299,False,False,
462,hybrid_kex,X25519MLKEM768,ECDSA-P256-SHA256,1120,106,72,1298,False,False,
463,hybrid_kex,X25519MLKEM768,ECDSA-P256-SHA256,1120,107,71,1298,False,False,
464,hybrid_kex,X25519MLKEM768,ECDSA-P256-SHA256,1120,102,71,1293,False,False,
465,hybrid_kex,X25519MLKEM768,ECDSA-P256-SHA256,1120,108,70,1298,False,False,
466,hybrid_kex,X25519MLKEM768,ECDSA-P256-SHA256,1120,107,70,1297,False,False,
467,hybrid_kex,X25519MLKEM768,ECDSA-P256-SHA256,1120,105,71,1296,False,False,
468,hybrid_kex,X25519MLKEM768,ECDSA-P256-SHA256,1120,110,71,1301,False,False,
469,hybrid_kex,X25519MLKEM768,ECDSA-P256-SHA256,1120,104,71,1295,False,False,
470,hybrid_kex,X25519MLKEM768,ECDSA-P256-SHA256,1120,105,71,1296,False,False,
471,hybrid_kex,X25519MLKEM768,ECDSA-P256-SHA256,1120,108,71,1299,False,False,
472,hybrid_kex,X25519MLKEM768,ECDSA-P256-SHA256,1120,106,71,1297,False,False,
473,hybrid_kex,X25519MLKEM768,ECDSA-P256-SHA256,1120,105,71,1296,False,False,
474,hybrid_kex,X25519MLKEM768,ECDSA-P256-SHA256,1120,111,72,1303,False,False,
475,hybrid_kex,X25519MLKEM768,ECDSA-P256-SHA256,1120,104,71,1295,False,False,
476,hybrid_kex,X25519MLKEM768,ECDSA-P256-SHA256,1120,108,71,1299,False,False,
477,hybrid_kex,X25519MLKEM768,ECDSA-P256-SHA256,1120,105,72,1297,False,False,
478,hybrid_kex,X25519MLKEM768,ECDSA-P256-SHA256,1120,109,71,1300,False,False,
479,hybrid_kex,X25519MLKEM768,ECDSA-P256-SHA256,1120,107,72,1299,False,False,
480,hybrid_kex,X25519MLKEM768,ECDSA-P256-SHA256,1120,105,71,1296,False,False,
481,hybrid_kex,X25519MLKEM768,ECDSA-P256-SHA256,1120,108,71,1299,False,False,
482,hybrid_kex,X25519MLKEM768,ECDSA-P256-SHA256,1120,109,71,1300,False,False,
483,hybrid_kex,X25519MLKEM768,ECDSA-P256-SHA256,1120,104,70,1294,False,False,
484,hybrid_kex,X25519MLKEM768,ECDSA-P256-SHA256,1120,105,72,1297,False,False,
485,hybrid_kex,X25519MLKEM768,ECDSA-P256-SHA256,1120,108,72,1300,False,False,
486,hybrid_kex,X25519MLKEM768,ECDSA-P256-SHA256,1120,108,71,1299,False,False,
487,hybrid_kex,X25519MLKEM768,ECDSA-P256-SHA256,1120,110,70,1300,False,False,
488,hybrid_kex,X25519MLKEM768,ECDSA-P256-SHA256,1120,106,70,1296,False,False,
489,hybrid_kex,X25519MLKEM768,ECDSA-P256-SHA256,1120,104,72,1296,False,False,
490,hybrid_kex,X25519MLKEM768,ECDSA-P256-SHA256,1120,109,72,1301,False,False,
491,hybrid_kex,X25519MLKEM768,ECDSA-P256-SHA256,1120,108,71,1299,False,False,
492,hybrid_kex,X25519MLKEM768,ECDSA-P256-SHA256,1120,105,71,1296,False,False,
493,hybrid_kex,X25519MLKEM768,ECDSA-P256-SHA256,1120,109,70,1299,False,False,
494,hybrid_kex,X25519MLKEM768,ECDSA-P256-SHA256,1120,105,71,1296,False,False,
495,hybrid_kex,X25519MLKEM768,ECDSA-P256-SHA256,1120,106,72,1298,False,False,
496,hybrid_kex,X25519MLKEM768,ECDSA-P256-SHA256,1120,107,71,1298,False,False,
497,hybrid_kex,X25519MLKEM768,ECDSA-P256-SHA256,1120,104,71,1295,False,False,
498,hybrid_kex,X25519MLKEM768,ECDSA-P256-SHA256,1120,104,72,1296,False,False,
499,hybrid_kex,X25519MLKEM768,ECDSA-P256-SHA256,1120,104,72,1296,False,False,
500,hybrid_kex,X25519MLKEM768,ECDSA-P256-SHA256,1120,107,72,1299,False,False,
501,hybrid_kex,X25519MLKEM768,ECDSA-P256-SHA256,1120,106,71,1297,False,False,
502,hybrid_kex,X25519MLKEM768,ECDSA-P256-SHA256,1120,106,71,1297,False,False,
503,hybrid_kex,X25519MLKEM768,ECDSA-P256-SHA256,1120,109,71,1300,False,False,
504,hybrid_kex,X25519MLKEM768,ECDSA-P256-SHA256,1120,104,72,1296,False,False,
505,hybrid_kex,X25519MLKEM768,ECDSA-P256-SHA256,1120,105,71,1296,False,False,
506,hybrid_kex,X25519MLKEM768,ECDSA-P256-SHA256,1120,108,71,1299,False,False,
507,hybrid_kex,X25519MLKEM768,ECDSA-P256-SHA256,1120,111,71,1302,False,False,
508,hybrid_kex,X25519MLKEM768,ECDSA-P256-SHA256,1120,106,71,1297,False,False,
509,hybrid_kex,X25519MLKEM768,ECDSA-P256-SHA256,1120,110,70,1300,False,False,
510,hybrid_kex,X25519MLKEM768,ECDSA-P256-SHA256,1120,106,72,1298,False,False,
511,hybrid_kex,X25519MLKEM768,ECDSA-P256-SHA256,1120,102,71,1293,False,False,
512,hybrid_kex,X25519MLKEM768,ECDSA-P256-SHA256,1120,107,72,1299,False,False,
513,hybrid_kex,X25519MLKEM768,ECDSA-P256-SHA256,1120,104,70,1294,False,False,
514,hybrid_kex,X25519MLKEM768,ECDSA-P256-SHA256,1120,107,71,1298,False,False,
515,hybrid_kex,X25519MLKEM768,ECDSA-P256-SHA256,1120,105,71,1296,False,False,
516,hybrid_kex,X25519MLKEM768,ECDSA-P256-SHA256,1120,109,71,1300,False,False,
517,hybrid_kex,X25519MLKEM768,ECDSA-P256-SHA256,1120,107,70,1297,False,False,
518,hybrid_kex,X25519MLKEM768,ECDSA-P256-SHA256,1120,105,72,1297,False,False,
519,hybrid_kex,X25519MLKEM768,ECDSA-P256-SHA256,1120,107,70,1297,False,False,
520,hybrid_kex,X25519MLKEM768,ECDSA-P256-SHA256,1120,104,71,1295,False,False,
521,hybrid_kex,X25519MLKEM768,ECDSA-P256-SHA256,1120,106,71,1297,False,False,
522,hybrid_kex,X25519MLKEM768,ECDSA-P256-SHA256,1120,107,70,1297,False,False,
523,hybrid_kex,X25519MLKEM768,ECDSA-P256-SHA256,1120,108,71,1299,False,False,
524,hybrid_kex,X25519MLKEM768,ECDSA-P256-SHA256,1120,102,70,1292,False,False,
525,hybrid_kex,X25519MLKEM768,ECDSA-P256-SHA256,1120,104,72,1296,False,False,
526,hybrid_kex,X25519MLKEM768,ECDSA-P256-SHA256,1120,108,71,1299,False,False,
527,hybrid_kex,X25519MLKEM768,ECDSA-P256-SHA256,1120,107,72,1299,False,False,
528,hybrid_kex,X25519MLKEM768,ECDSA-P256-SHA256,1120,106,71,1297,False,False,
529,hybrid_kex,X25519MLKEM768,ECDSA-P256-SHA256,1120,108,71,1299,False,False,
530,hybrid_kex,X25519MLKEM768,ECDSA-P256-SHA256,1120,106,72,1298,False,False,
531,hybrid_kex,X25519MLKEM768,ECDSA-P256-SHA256,1120,102,70,1292,False,False,
532,hybrid_kex,X25519MLKEM768,ECDSA-P256-SHA256,1120,107,71,1298,False,False,
533,hybrid_kex,X25519MLKEM768,ECDSA-P256-SHA256,1120,102,72,1294,False,False,
534,hybrid_kex,X25519MLKEM768,ECDSA-P256-SHA256,1120,109,70,1299,False,False,
535,hybrid_kex,X25519MLKEM768,ECDSA-P256-SHA256,1120,105,72,1297,False,False,
536,hybrid_kex,X25519MLKEM768,ECDSA-P256-SHA256,1120,109,71,1300,False,False,
537,hybrid_kex,X25519MLKEM768,ECDSA-P256-SHA256,1120,108,70,1298,False,False,
538,hybrid_kex,X25519MLKEM768,ECDSA-P256-SHA256,1120,108,70,1298,False,False,
539,hybrid_kex,X25519MLKEM768,ECDSA-P256-SHA256,1120,102,70,1292,False,False,
540,hybrid_kex,X25519MLKEM768,ECDSA-P256-SHA256,1120,107,71,1298,False,False,
541,hybrid_kex,X25519MLKEM768,ECDSA-P256-SHA256,1120,108,70,1298,False,False,
542,hybrid_kex,X25519MLKEM768,ECDSA-P256-SHA256,1120,107,71,1298,False,False,
543,hybrid_kex,X25519MLKEM768,ECDSA-P256-SHA256,1120,109,70,1299,False,False,
544,hybrid_kex,X25519MLKEM768,ECDSA-P256-SHA256,1120,110,71,1301,False,False,
545,hybrid_kex,X25519MLKEM768,ECDSA-P256-SHA256,1120,105,71,1296,False,False,
546,hybrid_kex,X25519MLKEM768,ECDSA-P256-SHA256,1120,104,72,1296,False,False,
547,hybrid_kex,X25519MLKEM768,ECDSA-P256-SHA256,1120,108,71,1299,False,False,
548,hybrid_kex,X25519MLKEM768,ECDSA-P256-SHA256,1120,105,70,1295,False,False,
549,hybrid_kex,X25519MLKEM768,ECDSA-P256-SHA256,1120,102,71,1293,False,False,
550,hybrid_kex,X25519MLKEM768,ECDSA-P256-SHA256,1120,105,72,1297,False,False,
551,hybrid_kex,X25519MLKEM768,ECDSA-P256-SHA256,1120,108,70,1298,False,False,
552,hybrid_kex,X25519MLKEM768,ECDSA-P256-SHA256,1120,102,70,1292,False,False,
553,hybrid_kex,X25519MLKEM768,ECDSA-P256-SHA256,1120,105,71,1296,False,False,
554,hybrid_kex,X25519MLKEM768,ECDSA-P256-SHA256,1120,108,72,1300,False,False,
555,hybrid_kex,X25519MLKEM768,ECDSA-P256-SHA256,1120,104,71,1295,False,False,
556,hybrid_kex,X25519MLKEM768,ECDSA-P256-SHA256,1120,107,71,1298,False,False,
557,hybrid_kex,X25519MLKEM768,ECDSA-P256-SHA256,1120,106,70,1296,False,False,
558,hybrid_kex,X25519MLKEM768,ECDSA-P256-SHA256,1120,104,71,1295,False,False,
559,hybrid_kex,X25519MLKEM768,ECDSA-P256-SHA256,1120,102,71,1293,False,False,
560,hybrid_kex,X25519MLKEM768,ECDSA-P256-SHA256,1120,106,70,1296,False,False,
561,hybrid_kex,X25519MLKEM768,ECDSA-P256-SHA256,1120,104,71,1295,False,False,
562,hybrid_kex,X25519MLKEM768,ECDSA-P256-SHA256,1120,105,72,1297,False,False,
563,hybrid_kex,X25519MLKEM768,ECDSA-P256-SHA256,1120,102,72,1294,False,False,
564,hybrid_kex,X25519MLKEM768,ECDSA-P256-SHA256,1120,109,72,1301,False,False,
565,hybrid_kex,X25519MLKEM768,ECDSA-P256-SHA256,1120,104,70,1294,False,False,
566,hybrid_kex,X25519MLKEM768,ECDSA-P256-SHA256,1120,108,71,1299,False,False,
567,hybrid_kex,X25519MLKEM768,ECDSA-P256-SHA256,1120,105,71,1296,False,False,
568,hybrid_kex,X25519MLKEM768,ECDSA-P256-SHA256,1120,107,71,1298,False,False,
569,hybrid_kex,X25519MLKEM768,ECDSA-P256-SHA256,1120,106,71,1297,False,False,
570,hybrid_kex,X25519MLKEM768,ECDSA-P256-SHA256,1120,107,72,1299,False,False,
571,hybrid_kex,X25519MLKEM768,ECDSA-P256-SHA256,1120,107,71,1298,False,False,
572,hybrid_kex,X25519MLKEM768,ECDSA-P256-SHA256,1120,109,70,1299,False,False,
573,hybrid_kex,X25519MLKEM768,ECDSA-P256-SHA256,1120,106,70,1296,False,False,
574,hybrid_kex,X25519MLKEM768,ECDSA-P256-SHA256,1120,107,71,1298,False,False,
575,hybrid_kex,X25519MLKEM768,ECDSA-P256-SHA256,1120,104,72,1296,False,False,
576,hybrid_kex,X25519MLKEM768,ECDSA-P256-SHA256,1120,109,71,1300,False,False,
577,hybrid_kex,X25519MLKEM768,ECDSA-P256-SHA256,1120,107,71,1298,False,False,
578,hybrid_kex,X25519MLKEM768,ECDSA-P256-SHA256,1120,105,70,1295,False,False,
579,hybrid_kex,X25519MLKEM768,ECDSA-P256-SHA256,1120,109,70,1299,False,False,
580,hybrid_kex,X25519MLKEM768,ECDSA-P256-SHA256,1120,102,70,1292,False,False,
581,hybrid_kex,X25519MLKEM768,ECDSA-P256-SHA256,1120,107,71,1298,False,False,
582,hybrid_kex,X25519MLKEM768,ECDSA-P256-SHA256,1120,105,71,1296,False,False,
583,hybrid_kex,X25519MLKEM768,ECDSA-P256-SHA256,1120,109,70,1299,False,False,
584,hybrid_kex,X25519MLKEM768,ECDSA-P256-SHA256,1120,109,70,1299,False,False,
585,hybrid_kex,X25519MLKEM768,ECDSA-P256-SHA256,1120,107,71,1298,False,False,
586,hybrid_kex,X25519MLKEM768,ECDSA-P256-SHA256,1120,106,71,1297,False,False,
587,hybrid_kex,X25519MLKEM768,ECDSA-P256-SHA256,1120,105,71,1296,False,False,
588,hybrid_kex,X25519MLKEM768,ECDSA-P256-SHA256,1120,104,70,1294,False,False,
589,hybrid_kex,X25519MLKEM768,ECDSA-P256-SHA256,1120,108,72,1300,False,False,
590,hybrid_kex,X25519MLKEM768,ECDSA-P256-SHA256,1120,106,70,1296,False,False,
591,hybrid_kex,X25519MLKEM768,ECDSA-P256-SHA256,1120,102,72,1294,False,False,
592,hybrid_kex,X25519MLKEM768,ECDSA-P256-SHA256,1120,104,70,1294,False,False,
593,hybrid_kex,X25519MLKEM768,ECDSA-P256-SHA256,1120,107,72,1299,False,False,
594,hybrid_kex,X25519MLKEM768,ECDSA-P256-SHA256,1120,105,71,1296,False,False,
595,hybrid_kex,X25519MLKEM768,ECDSA-P256-SHA256,1120,110,71,1301,False,False,
596,hybrid_kex,X25519MLKEM768,ECDSA-P256-SHA256,1120,104,71,1295,False,False,
597,hybrid_kex,X25519MLKEM768,ECDSA-P256-SHA256,1120,107,72,1299,False,False,
598,hybrid_kex,X25519MLKEM768,ECDSA-P256-SHA256,1120,110,72,1302,False,False,
599,hybrid_kex,X25519MLKEM768,ECDSA-P256-SHA256,1120,105,71,1296,False,False,
600,hybrid_kex,X25519MLKEM768,ECDSA-P256-SHA256,1120,105,72,1297,False,False,
601,hybrid_kex,X25519MLKEM768,ECDSA-P256-SHA256,1120,107,70,1297,False,False,
602,hybrid_kex,X25519MLKEM768,ECDSA-P256-SHA256,1120,106,70,1296,False,False,
603,hybrid_kex,X25519MLKEM768,ECDSA-P256-SHA256,1120,110,72,1302,False,False,
604,hybrid_kex,X25519MLKEM768,ECDSA-P256-SHA256,1120,104,72,1296,False,False,
605,hybrid_kex,X25519MLKEM768,ECDSA-P256-SHA256,1120,106,70,1296,False,False,
606,hybrid_kex,X25519MLKEM768,ECDSA-P256-SHA256,1120,104,71,1295,False,False,
607,hybrid_kex,X25519MLKEM768,ECDSA-P256-SHA256,1120,109,70,1299,False,False,
608,hybrid_kex,X25519MLKEM768,ECDSA-P256-SHA256,1120,110,72,1302,False,False,
609,hybrid_kex,X25519MLKEM768,ECDSA-P256-SHA256,1120,109,71,1300,False,False,
610,hybrid_kex,X25519MLKEM768,ECDSA-P256-SHA256,1120,102,71,1293,False,False,
611,hybrid_kex,X25519MLKEM768,ECDSA-P256-SHA256,1120,104,71,1295,False,False,
612,hybrid_kex,X25519MLKEM768,ECDSA-P256-SHA256,1120,105,72,1297,False,False,
613,hybrid_kex,X25519MLKEM768,ECDSA-P256-SHA256,1120,104,72,1296,False,False,
614,hybrid_kex,X25519MLKEM768,ECDSA-P256-SHA256,1120,107,71,1298,False,False,
615,hybrid_kex,X25519MLKEM768,ECDSA-P256-SHA256,1120,107,70,1297,False,False,
616,hybrid_kex,X25519MLKEM768,ECDSA-P256-SHA256,1120,105,71,1296,False,False,
617,hybrid_kex,X25519MLKEM768,ECDSA-P256-SHA256,1120,109,69,1298,False,False,
618,hybrid_kex,X25519MLKEM768,ECDSA-P256-SHA256,1120,110,71,1301,False,False,
619,hybrid_kex,X25519MLKEM768,ECDSA-P256-SHA256,1120,104,70,1294,False,False,
620,hybrid_kex,X25519MLKEM768,ECDSA-P256-SHA256,1120,107,71,1298,False,False,
621,hybrid_kex,X25519MLKEM768,ECDSA-P256-SHA256,1120,104,71,1295,False,False,
622,hybrid_kex,X25519MLKEM768,ECDSA-P256-SHA256,1120,110,71,1301,False,False,
623,hybrid_kex,X25519MLKEM768,ECDSA-P256-SHA256,1120,104,71,1295,False,False,
624,hybrid_kex,X25519MLKEM768,ECDSA-P256-SHA256,1120,108,71,1299,False,False,
625,hybrid_kex,X25519MLKEM768,ECDSA-P256-SHA256,1120,102,71,1293,False,False,
626,hybrid_kex,X25519MLKEM768,ECDSA-P256-SHA256,1120,109,70,1299,False,False,
627,hybrid_kex,X25519MLKEM768,ECDSA-P256-SHA256,1120,108,71,1299,False,False,
628,hybrid_kex,X25519MLKEM768,ECDSA-P256-SHA256,1120,107,69,1296,False,False,
629,hybrid_kex,X25519MLKEM768,ECDSA-P256-SHA256,1120,105,72,1297,False,False,
630,hybrid_kex,X25519MLKEM768,ECDSA-P256-SHA256,1120,105,71,1296,False,False,
631,hybrid_kex,X25519MLKEM768,ECDSA-P256-SHA256,1120,111,71,1302,False,False,
632,hybrid_kex,X25519MLKEM768,ECDSA-P256-SHA256,1120,110,71,1301,False,False,
633,hybrid_kex,X25519MLKEM768,ECDSA-P256-SHA256,1120,104,71,1295,False,False,
634,hybrid_kex,X25519MLKEM768,ECDSA-P256-SHA256,1120,106,72,1298,False,False,
635,hybrid_kex,X25519MLKEM768,ECDSA-P256-SHA256,1120,106,70,1296,False,False,
636,hybrid_kex,X25519MLKEM768,ECDSA-P256-SHA256,1120,105,71,1296,False,False,
637,hybrid_kex,X25519MLKEM768,ECDSA-P256-SHA256,1120,109,71,1300,False,False,
638,hybrid_kex,X25519MLKEM768,ECDSA-P256-SHA256,1120,110,71,1301,False,False,
639,hybrid_kex,X25519MLKEM768,ECDSA-P256-SHA256,1120,108,70,1298,False,False,
640,hybrid_kex,X25519MLKEM768,ECDSA-P256-SHA256,1120,105,71,1296,False,False,
641,hybrid_kex,X25519MLKEM768,ECDSA-P256-SHA256,1120,102,72,1294,False,False,
642,hybrid_kex,X25519MLKEM768,ECDSA-P256-SHA256,1120,110,71,1301,False,False,
643,hybrid_kex,X25519MLKEM768,ECDSA-P256-SHA256,1120,105,71,1296,False,False,
644,hybrid_kex,X25519MLKEM768,ECDSA-P256-SHA256,1120,109,71,1300,False,False,
645,hybrid_kex,X25519MLKEM768,ECDSA-P256-SHA256,1120,104,71,1295,False,False,
646,hybrid_kex,X25519MLKEM768,ECDSA-P256-SHA256,1120,102,70,1292,False,False,
647,hybrid_kex,X25519MLKEM768,ECDSA-P256-SHA256,1120,105,71,1296,False,False,
648,hybrid_kex,X25519MLKEM768,ECDSA-P256-SHA256,1120,109,71,1300,False,False,
649,hybrid_kex,X25519MLKEM768,ECDSA-P256-SHA256,1120,107,71,1298,False,False,
650,hybrid_kex,X25519MLKEM768,ECDSA-P256-SHA256,1120,105,70,1295,False,False,
651,hybrid_kex,X25519MLKEM768,ECDSA-P256-SHA256,1120,104,70,1294,False,False,
652,hybrid_kex,X25519MLKEM768,ECDSA-P256-SHA256,1120,106,71,1297,False,False,
653,hybrid_kex,X25519MLKEM768,ECDSA-P256-SHA256,1120,107,70,1297,False,False,
654,hybrid_kex,X25519MLKEM768,ECDSA-P256-SHA256,1120,105,71,1296,False,False,
655,hybrid_kex,X25519MLKEM768,ECDSA-P256-SHA256,1120,105,70,1295,False,False,
656,hybrid_kex,X25519MLKEM768,ECDSA-P256-SHA256,1120,105,71,1296,False,False,
657,hybrid_kex,X25519MLKEM768,ECDSA-P256-SHA256,1120,108,71,1299,False,False,
658,hybrid_kex,X25519MLKEM768,ECDSA-P256-SHA256,1120,106,71,1297,False,False,
659,hybrid_kex,X25519MLKEM768,ECDSA-P256-SHA256,1120,105,71,1296,False,False,
660,hybrid_kex,X25519MLKEM768,ECDSA-P256-SHA256,1120,109,72,1301,False,False,
661,hybrid_kex,X25519MLKEM768,ECDSA-P256-SHA256,1120,111,71,1302,False,False,
662,hybrid_kex,X25519MLKEM768,ECDSA-P256-SHA256,1120,102,72,1294,False,False,
663,hybrid_kex,X25519MLKEM768,ECDSA-P256-SHA256,1120,107,72,1299,False,False,
664,hybrid_kex,X25519MLKEM768,ECDSA-P256-SHA256,1120,102,71,1293,False,False,
665,hybrid_kex,X25519MLKEM768,ECDSA-P256-SHA256,1120,108,71,1299,False,False,
666,hybrid_kex,X25519MLKEM768,ECDSA-P256-SHA256,1120,108,71,1299,False,False,
667,hybrid_kex,X25519MLKEM768,ECDSA-P256-SHA256,1120,106,72,1298,False,False,
668,hybrid_kex,X25519MLKEM768,ECDSA-P256-SHA256,1120,106,72,1298,False,False,
669,hybrid_kex,X25519MLKEM768,ECDSA-P256-SHA256,1120,105,70,1295,False,False,
670,hybrid_kex,X25519MLKEM768,ECDSA-P256-SHA256,1120,108,71,1299,False,False,
671,hybrid_kex,X25519MLKEM768,ECDSA-P256-SHA256,1120,108,72,1300,False,False,
672,hybrid_kex,X25519MLKEM768,ECDSA-P256-SHA256,1120,109,71,1300,False,False,
673,hybrid_kex,X25519MLKEM768,ECDSA-P256-SHA256,1120,105,72,1297,False,False,
674,hybrid_kex,X25519MLKEM768,ECDSA-P256-SHA256,1120,110,70,1300,False,False,
675,hybrid_kex,X25519MLKEM768,ECDSA-P256-SHA256,1120,106,72,1298,False,False,
676,hybrid_kex,X25519MLKEM768,ECDSA-P256-SHA256,1120,104,71,1295,False,False,
677,hybrid_kex,X25519MLKEM768,ECDSA-P256-SHA256,1120,102,72,1294,False,False,
678,hybrid_kex,X25519MLKEM768,ECDSA-P256-SHA256,1120,106,71,1297,False,False,
679,hybrid_kex,X25519MLKEM768,ECDSA-P256-SHA256,1120,105,70,1295,False,False,
680,hybrid_kex,X25519MLKEM768,ECDSA-P256-SHA256,1120,104,71,1295,False,False,
681,hybrid_kex,X25519MLKEM768,ECDSA-P256-SHA256,1120,107,72,1299,False,False,
682,hybrid_kex,X25519MLKEM768,ECDSA-P256-SHA256,1120,109,70,1299,False,False,
683,hybrid_kex,X25519MLKEM768,ECDSA-P256-SHA256,1120,102,71,1293,False,False,
684,hybrid_kex,X25519MLKEM768,ECDSA-P256-SHA256,1120,102,71,1293,False,False,
685,hybrid_kex,X25519MLKEM768,ECDSA-P256-SHA256,1120,107,70,1297,False,False,
686,hybrid_kex,X25519MLKEM768,ECDSA-P256-SHA256,1120,102,70,1292,False,False,
687,hybrid_kex,X25519MLKEM768,ECDSA-P256-SHA256,1120,104,70,1294,False,False,
688,hybrid_kex,X25519MLKEM768,ECDSA-P256-SHA256,1120,108,72,1300,False,False,
689,hybrid_kex,X25519MLKEM768,ECDSA-P256-SHA256,1120,108,72,1300,False,False,
690,hybrid_kex,X25519MLKEM768,ECDSA-P256-SHA256,1120,107,70,1297,False,False,
691,hybrid_kex,X25519MLKEM768,ECDSA-P256-SHA256,1120,108,70,1298,False,False,
692,hybrid_kex,X25519MLKEM768,ECDSA-P256-SHA256,1120,107,71,1298,False,False,
693,hybrid_kex,X25519MLKEM768,ECDSA-P256-SHA256,1120,104,71,1295,False,False,
694,hybrid_kex,X25519MLKEM768,ECDSA-P256-SHA256,1120,102,71,1293,False,False,
695,hybrid_kex,X25519MLKEM768,ECDSA-P256-SHA256,1120,107,71,1298,False,False,
696,hybrid_kex,X25519MLKEM768,ECDSA-P256-SHA256,1120,104,71,1295,False,False,
697,hybrid_kex,X25519MLKEM768,ECDSA-P256-SHA256,1120,108,72,1300,False,False,
698,hybrid_kex,X25519MLKEM768,ECDSA-P256-SHA256,1120,105,71,1296,False,False,
699,hybrid_kex,X25519MLKEM768,ECDSA-P256-SHA256,1120,105,70,1295,False,False,
700,hybrid_kex,X25519MLKEM768,ECDSA-P256-SHA256,1120,110,72,1302,False,False,
701,hybrid_kex,X25519MLKEM768,ECDSA-P256-SHA256,1120,108,70,1298,False,False,
702,hybrid_kex,X25519MLKEM768,ECDSA-P256-SHA256,1120,104,71,1295,False,False,
703,hybrid_kex,X25519MLKEM768,ECDSA-P256-SHA256,1120,102,72,1294,False,False,
704,hybrid_kex,X25519MLKEM768,ECDSA-P256-SHA256,1120,110,72,1302,False,False,
705,hybrid_kex,X25519MLKEM768,ECDSA-P256-SHA256,1120,110,72,1302,False,False,
706,hybrid_kex,X25519MLKEM768,ECDSA-P256-SHA256,1120,104,72,1296,False,False,
707,hybrid_kex,X25519MLKEM768,ECDSA-P256-SHA256,1120,105,71,1296,False,False,
708,hybrid_kex,X25519MLKEM768,ECDSA-P256-SHA256,1120,102,71,1293,False,False,
709,hybrid_kex,X25519MLKEM768,ECDSA-P256-SHA256,1120,106,71,1297,False,False,
710,hybrid_kex,X25519MLKEM768,ECDSA-P256-SHA256,1120,105,71,1296,False,False,
711,hybrid_kex,X25519MLKEM768,ECDSA-P256-SHA256,1120,109,70,1299,False,False,
712,hybrid_kex,X25519MLKEM768,ECDSA-P256-SHA256,1120,105,72,1297,False,False,
713,hybrid_kex,X25519MLKEM768,ECDSA-P256-SHA256,1120,106,71,1297,False,False,
714,hybrid_kex,X25519MLKEM768,ECDSA-P256-SHA256,1120,102,70,1292,False,False,
715,hybrid_kex,X25519MLKEM768,ECDSA-P256-SHA256,1120,105,72,1297,False,False,
716,hybrid_kex,X25519MLKEM768,ECDSA-P256-SHA256,1120,105,71,1296,False,False,
717,hybrid_kex,X25519MLKEM768,ECDSA-P256-SHA256,1120,106,71,1297,False,False,
718,hybrid_kex,X25519MLKEM768,ECDSA-P256-SHA256,1120,105,72,1297,False,False,
719,hybrid_kex,X25519MLKEM768,ECDSA-P256-SHA256,1120,106,70,1296,False,False,
720,hybrid_kex,X25519MLKEM768,ECDSA-P256-SHA256,1120,106,72,1298,False,False,
721,hybrid_kex,X25519MLKEM768,ECDSA-P256-SHA256,1120,106,70,1296,False,False,
722,hybrid_kex,X25519MLKEM768,ECDSA-P256-SHA256,1120,106,70,1296,False,False,
723,hybrid_kex,X25519MLKEM768,ECDSA-P256-SHA256,1120,111,70,1301,False,False,
724,hybrid_kex,X25519MLKEM768,ECDSA-P256-SHA256,1120,111,71,1302,False,False,
725,hybrid_kex,X25519MLKEM768,ECDSA-P256-SHA256,1120,104,71,1295,False,False,
726,hybrid_kex,X25519MLKEM768,ECDSA-P256-SHA256,1120,106,72,1298,False,False,
727,hybrid_kex,X25519MLKEM768,ECDSA-P256-SHA256,1120,111,70,1301,False,False,
728,hybrid_kex,X25519MLKEM768,ECDSA-P256-SHA256,1120,108,70,1298,False,False,
729,hybrid_kex,X25519MLKEM768,ECDSA-P256-SHA256,1120,104,72,1296,False,False,
730,hybrid_kex,X25519MLKEM768,ECDSA-P256-SHA256,1120,107,72,1299,False,False,
731,hybrid_kex,X25519MLKEM768,ECDSA-P256-SHA256,1120,110,70,1300,False,False,
732,hybrid_kex,X25519MLKEM768,ECDSA-P256-SHA256,1120,108,70,1298,False,False,
733,hybrid_kex,X25519MLKEM768,ECDSA-P256-SHA256,1120,107,72,1299,False,False,
734,hybrid_kex,X25519MLKEM768,ECDSA-P256-SHA256,1120,102,71,1293,False,False,
735,hybrid_kex,X25519MLKEM768,ECDSA-P256-SHA256,1120,104,71,1295,False,False,
736,hybrid_kex,X25519MLKEM768,ECDSA-P256-SHA256,1120,104,70,1294,False,False,
737,hybrid_kex,X25519MLKEM768,ECDSA-P256-SHA256,1120,104,71,1295,False,False,
738,hybrid_kex,X25519MLKEM768,ECDSA-P256-SHA256,1120,108,71,1299,False,False,
739,hybrid_kex,X25519MLKEM768,ECDSA-P256-SHA256,1120,105,72,1297,False,False,
740,hybrid_kex,X25519MLKEM768,ECDSA-P256-SHA256,1120,105,71,1296,False,False,
741,hybrid_kex,X25519MLKEM768,ECDSA-P256-SHA256,1120,108,70,1298,False,False,
742,hybrid_kex,X25519MLKEM768,ECDSA-P256-SHA256,1120,108,70,1298,False,False,
743,hybrid_kex,X25519MLKEM768,ECDSA-P256-SHA256,1120,106,71,1297,False,False,
744,hybrid_kex,X25519MLKEM768,ECDSA-P256-SHA256,1120,102,71,1293,False,False,
745,hybrid_kex,X25519MLKEM768,ECDSA-P256-SHA256,1120,105,71,1296,False,False,
746,hybrid_kex,X25519MLKEM768,ECDSA-P256-SHA256,1120,104,71,1295,False,False,
747,hybrid_kex,X25519MLKEM768,ECDSA-P256-SHA256,1120,108,71,1299,False,False,
748,hybrid_kex,X25519MLKEM768,ECDSA-P256-SHA256,1120,107,71,1298,False,False,
749,hybrid_kex,X25519MLKEM768,ECDSA-P256-SHA256,1120,107,72,1299,False,False,
750,hybrid_kex,X25519MLKEM768,ECDSA-P256-SHA256,1120,106,71,1297,False,False,
751,hybrid_kex,X25519MLKEM768,ECDSA-P256-SHA256,1120,105,71,1296,False,False,
752,hybrid_kex,X25519MLKEM768,ECDSA-P256-SHA256,1120,102,72,1294,False,False,
753,hybrid_kex,X25519MLKEM768,ECDSA-P256-SHA256,1120,111,71,1302,False,False,
754,hybrid_kex,X25519MLKEM768,ECDSA-P256-SHA256,1120,104,71,1295,False,False,
755,hybrid_kex,X25519MLKEM768,ECDSA-P256-SHA256,1120,104,71,1295,False,False,
756,hybrid_kex,X25519MLKEM768,ECDSA-P256-SHA256,1120,110,72,1302,False,False,
757,hybrid_kex,X25519MLKEM768,ECDSA-P256-SHA256,1120,105,71,1296,False,False,
758,hybrid_kex,X25519MLKEM768,ECDSA-P256-SHA256,1120,106,70,1296,False,False,
759,hybrid_kex,X25519MLKEM768,ECDSA-P256-SHA256,1120,106,72,1298,False,False,
760,hybrid_kex,X25519MLKEM768,ECDSA-P256-SHA256,1120,106,72,1298,False,False,
761,hybrid_kex,X25519MLKEM768,ECDSA-P256-SHA256,1120,107,70,1297,False,False,
762,hybrid_kex,X25519MLKEM768,ECDSA-P256-SHA256,1120,104,71,1295,False,False,
763,hybrid_kex,X25519MLKEM768,ECDSA-P256-SHA256,1120,104,70,1294,False,False,
764,hybrid_kex,X25519MLKEM768,ECDSA-P256-SHA256,1120,106,71,1297,False,False,
765,hybrid_kex,X25519MLKEM768,ECDSA-P256-SHA256,1120,108,71,1299,False,False,
766,hybrid_kex,X25519MLKEM768,ECDSA-P256-SHA256,1120,106,70,1296,False,False,
767,hybrid_kex,X25519MLKEM768,ECDSA-P256-SHA256,1120,107,70,1297,False,False,
768,hybrid_kex,X25519MLKEM768,ECDSA-P256-SHA256,1120,105,71,1296,False,False,
769,hybrid_kex,X25519MLKEM768,ECDSA-P256-SHA256,1120,105,71,1296,False,False,
770,hybrid_kex,X25519MLKEM768,ECDSA-P256-SHA256,1120,106,71,1297,False,False,
771,hybrid_kex,X25519MLKEM768,ECDSA-P256-SHA256,1120,108,71,1299,False,False,
772,hybrid_kex,X25519MLKEM768,ECDSA-P256-SHA256,1120,109,69,1298,False,False,
773,hybrid_kex,X25519MLKEM768,ECDSA-P256-SHA256,1120,107,72,1299,False,False,
774,hybrid_kex,X25519MLKEM768,ECDSA-P256-SHA256,1120,104,71,1295,False,False,
775,hybrid_kex,X25519MLKEM768,ECDSA-P256-SHA256,1120,106,72,1298,False,False,
776,hybrid_kex,X25519MLKEM768,ECDSA-P256-SHA256,1120,104,71,1295,False,False,
777,hybrid_kex,X25519MLKEM768,ECDSA-P256-SHA256,1120,104,71,1295,False,False,
778,hybrid_kex,X25519MLKEM768,ECDSA-P256-SHA256,1120,105,71,1296,False,False,
779,hybrid_kex,X25519MLKEM768,ECDSA-P256-SHA256,1120,105,72,1297,False,False,
780,hybrid_kex,X25519MLKEM768,ECDSA-P256-SHA256,1120,109,71,1300,False,False,
781,hybrid_kex,X25519MLKEM768,ECDSA-P256-SHA256,1120,107,70,1297,False,False,
782,hybrid_kex,X25519MLKEM768,ECDSA-P256-SHA256,1120,109,71,1300,False,False,
783,hybrid_kex,X25519MLKEM768,ECDSA-P256-SHA256,1120,109,72,1301,False,False,
784,hybrid_kex,X25519MLKEM768,ECDSA-P256-SHA256,1120,107,71,1298,False,False,
785,hybrid_kex,X25519MLKEM768,ECDSA-P256-SHA256,1120,108,71,1299,False,False,
786,hybrid_kex,X25519MLKEM768,ECDSA-P256-SHA256,1120,108,70,1298,False,False,
787,hybrid_kex,X25519MLKEM768,ECDSA-P256-SHA256,1120,106,70,1296,False,False,
788,hybrid_kex,X25519MLKEM768,ECDSA-P256-SHA256,1120,105,71,1296,False,False,
789,hybrid_kex,X25519MLKEM768,ECDSA-P256-SHA256,1120,104,71,1295,False,False,
790,hybrid_kex,X25519MLKEM768,ECDSA-P256-SHA256,1120,105,71,1296,False,False,
791,hybrid_kex,X25519MLKEM768,ECDSA-P256-SHA256,1120,102,70,1292,False,False,
792,hybrid_kex,X25519MLKEM768,ECDSA-P256-SHA256,1120,110,72,1302,False,False,
793,hybrid_kex,X25519MLKEM768,ECDSA-P256-SHA256,1120,106,72,1298,False,False,
794,hybrid_kex,X25519MLKEM768,ECDSA-P256-SHA256,1120,105,71,1296,False,False,
795,hybrid_kex,X25519MLKEM768,ECDSA-P256-SHA256,1120,102,70,1292,False,False,
796,hybrid_kex,X25519MLKEM768,ECDSA-P256-SHA256,1120,105,72,1297,False,False,
797,hybrid_kex,X25519MLKEM768,ECDSA-P256-SHA256,1120,107,70,1297,False,False,
798,hybrid_kex,X25519MLKEM768,ECDSA-P256-SHA256,1120,104,71,1295,False,False,
799,hybrid_kex,X25519MLKEM768,ECDSA-P256-SHA256,1120,108,70,1298,False,False,
800,hybrid_kex,X25519MLKEM768,ECDSA-P256-SHA256,1120,104,71,1295,False,False,
801,hybrid_kex,X25519MLKEM768,ECDSA-P256-SHA256,1120,107,71,1298,False,False,
802,hybrid_kex,X25519MLKEM768,ECDSA-P256-SHA256,1120,106,72,1298,False,False,
803,hybrid_kex,X25519MLKEM768,ECDSA-P256-SHA256,1120,105,71,1296,False,False,
804,hybrid_kex,X25519MLKEM768,ECDSA-P256-SHA256,1120,108,70,1298,False,False,
805,hybrid_kex,X25519MLKEM768,ECDSA-P256-SHA256,1120,106,71,1297,False,False,
806,hybrid_kex,X25519MLKEM768,ECDSA-P256-SHA256,1120,108,70,1298,False,False,
807,hybrid_kex,X25519MLKEM768,ECDSA-P256-SHA256,1120,106,71,1297,False,False,
808,hybrid_kex,X25519MLKEM768,ECDSA-P256-SHA256,1120,109,70,1299,False,False,
809,hybrid_kex,X25519MLKEM768,ECDSA-P256-SHA256,1120,106,72,1298,False,False,
810,hybrid_kex,X25519MLKEM768,ECDSA-P256-SHA256,1120,111,72,1303,False,False,
811,hybrid_kex,X25519MLKEM768,ECDSA-P256-SHA256,1120,108,70,1298,False,False,
812,hybrid_kex,X25519MLKEM768,ECDSA-P256-SHA256,1120,104,71,1295,False,False,
813,hybrid_kex,X25519MLKEM768,ECDSA-P256-SHA256,1120,107,72,1299,False,False,
814,hybrid_kex,X25519MLKEM768,ECDSA-P256-SHA256,1120,107,71,1298,False,False,
815,hybrid_kex,X25519MLKEM768,ECDSA-P256-SHA256,1120,107,71,1298,False,False,
816,hybrid_kex,X25519MLKEM768,ECDSA-P256-SHA256,1120,108,71,1299,False,False,
817,hybrid_kex,X25519MLKEM768,ECDSA-P256-SHA256,1120,106,72,1298,False,False,
818,hybrid_kex,X25519MLKEM768,ECDSA-P256-SHA256,1120,109,70,1299,False,False,
819,hybrid_kex,X25519MLKEM768,ECDSA-P256-SHA256,1120,104,72,1296,False,False,
820,hybrid_kex,X25519MLKEM768,ECDSA-P256-SHA256,1120,105,72,1297,False,False,
821,hybrid_kex,X25519MLKEM768,ECDSA-P256-SHA256,1120,107,72,1299,False,False,
822,hybrid_kex,X25519MLKEM768,ECDSA-P256-SHA256,1120,110,71,1301,False,False,
823,hybrid_kex,X25519MLKEM768,ECDSA-P256-SHA256,1120,105,71,1296,False,False,
824,hybrid_kex,X25519MLKEM768,ECDSA-P256-SHA256,1120,109,71,1300,False,False,
825,hybrid_kex,X25519MLKEM768,ECDSA-P256-SHA256,1120,105,71,1296,False,False,
826,hybrid_kex,X25519MLKEM768,ECDSA-P256-SHA256,1120,108,71,1299,False,False,
827,hybrid_kex,X25519MLKEM768,ECDSA-P256-SHA256,1120,106,70,1296,False,False,
828,hybrid_kex,X25519MLKEM768,ECDSA-P256-SHA256,1120,105,70,1295,False,False,
829,hybrid_kex,X25519MLKEM768,ECDSA-P256-SHA256,1120,107,70,1297,False,False,
830,hybrid_kex,X25519MLKEM768,ECDSA-P256-SHA256,1120,104,71,1295,False,False,
831,hybrid_kex,X25519MLKEM768,ECDSA-P256-SHA256,1120,105,72,1297,False,False,
832,hybrid_kex,X25519MLKEM768,ECDSA-P256-SHA256,1120,107,71,1298,False,False,
833,hybrid_kex,X25519MLKEM768,ECDSA-P256-SHA256,1120,110,71,1301,False,False,
834,hybrid_kex,X25519MLKEM768,ECDSA-P256-SHA256,1120,105,70,1295,False,False,
835,hybrid_kex,X25519MLKEM768,ECDSA-P256-SHA256,1120,106,72,1298,False,False,
836,hybrid_kex,X25519MLKEM768,ECDSA-P256-SHA256,1120,110,71,1301,False,False,
837,hybrid_kex,X25519MLKEM768,ECDSA-P256-SHA256,1120,106,70,1296,False,False,
838,hybrid_kex,X25519MLKEM768,ECDSA-P256-SHA256,1120,108,72,1300,False,False,
839,hybrid_kex,X25519MLKEM768,ECDSA-P256-SHA256,1120,104,72,1296,False,False,
840,hybrid_kex,X25519MLKEM768,ECDSA-P256-SHA256,1120,107,71,1298,False,False,
841,hybrid_kex,X25519MLKEM768,ECDSA-P256-SHA256,1120,106,71,1297,False,False,
842,hybrid_kex,X25519MLKEM768,ECDSA-P256-SHA256,1120,104,70,1294,False,False,
843,hybrid_kex,X25519MLKEM768,ECDSA-P256-SHA256,1120,108,72,1300,False,False,
844,hybrid_kex,X25519MLKEM768,ECDSA-P256-SHA256,1120,104,72,1296,False,False,
845,hybrid_kex,X25519MLKEM768,ECDSA-P256-SHA256,1120,102,71,1293,False,False,
846,hybrid_kex,X25519MLKEM768,ECDSA-P256-SHA256,1120,106,71,1297,False,False,
847,hybrid_kex,X25519MLKEM768,ECDSA-P256-SHA256,1120,108,70,1298,False,False,
848,hybrid_kex,X25519MLKEM768,ECDSA-P256-SHA256,1120,106,71,1297,False,False,
849,hybrid_kex,X25519MLKEM768,ECDSA-P256-SHA256,1120,104,71,1295,False,False,
850,hybrid_kex,X25519MLKEM768,ECDSA-P256-SHA256,1120,109,71,1300,False,False,
851,hybrid_kex,X25519MLKEM768,ECDSA-P256-SHA256,1120,106,71,1297,False,False,
852,hybrid_kex,X25519MLKEM768,ECDSA-P256-SHA256,1120,105,71,1296,False,False,
853,hybrid_kex,X25519MLKEM768,ECDSA-P256-SHA256,1120,109,71,1300,False,False,
854,hybrid_kex,X25519MLKEM768,ECDSA-P256-SHA256,1120,105,71,1296,False,False,
855,hybrid_kex,X25519MLKEM768,ECDSA-P256-SHA256,1120,106,72,1298,False,False,
856,hybrid_kex,X25519MLKEM768,ECDSA-P256-SHA256,1120,104,71,1295,False,False,
857,hybrid_kex,X25519MLKEM768,ECDSA-P256-SHA256,1120,104,72,1296,False,False,
858,hybrid_kex,X25519MLKEM768,ECDSA-P256-SHA256,1120,105,70,1295,False,False,
859,hybrid_kex,X25519MLKEM768,ECDSA-P256-SHA256,1120,109,72,1301,False,False,
860,hybrid_kex,X25519MLKEM768,ECDSA-P256-SHA256,1120,108,71,1299,False,False,
861,hybrid_kex,X25519MLKEM768,ECDSA-P256-SHA256,1120,106,70,1296,False,False,
862,hybrid_kex,X25519MLKEM768,ECDSA-P256-SHA256,1120,107,70,1297,False,False,
863,hybrid_kex,X25519MLKEM768,ECDSA-P256-SHA256,1120,104,71,1295,False,False,
864,hybrid_kex,X25519MLKEM768,ECDSA-P256-SHA256,1120,110,70,1300,False,False,
865,hybrid_kex,X25519MLKEM768,ECDSA-P256-SHA256,1120,104,72,1296,False,False,
866,hybrid_kex,X25519MLKEM768,ECDSA-P256-SHA256,1120,108,72,1300,False,False,
867,hybrid_kex,X25519MLKEM768,ECDSA-P256-SHA256,1120,106,71,1297,False,False,
868,hybrid_kex,X25519MLKEM768,ECDSA-P256-SHA256,1120,106,70,1296,False,False,
869,hybrid_kex,X25519MLKEM768,ECDSA-P256-SHA256,1120,106,71,1297,False,False,
870,hybrid_kex,X25519MLKEM768,ECDSA-P256-SHA256,1120,107,70,1297,False,False,
871,hybrid_kex,X25519MLKEM768,ECDSA-P256-SHA256,1120,106,71,1297,False,False,
872,hybrid_kex,X25519MLKEM768,ECDSA-P256-SHA256,1120,106,71,1297,False,False,
873,hybrid_kex,X25519MLKEM768,ECDSA-P256-SHA256,1120,104,71,1295,False,False,
874,hybrid_kex,X25519MLKEM768,ECDSA-P256-SHA256,1120,102,69,1291,False,False,
875,hybrid_kex,X25519MLKEM768,ECDSA-P256-SHA256,1120,107,71,1298,False,False,
876,hybrid_kex,X25519MLKEM768,ECDSA-P256-SHA256,1120,102,71,1293,False,False,
877,hybrid_kex,X25519MLKEM768,ECDSA-P256-SHA256,1120,108,70,1298,False,False,
878,hybrid_kex,X25519MLKEM768,ECDSA-P256-SHA256,1120,109,70,1299,False,False,
879,hybrid_kex,X25519MLKEM768,ECDSA-P256-SHA256,1120,106,71,1297,False,False,
880,hybrid_kex,X25519MLKEM768,ECDSA-P256-SHA256,1120,108,70,1298,False,False,
881,hybrid_kex,X25519MLKEM768,ECDSA-P256-SHA256,1120,107,70,1297,False,False,
882,hybrid_kex,X25519MLKEM768,ECDSA-P256-SHA256,1120,108,72,1300,False,False,
883,hybrid_kex,X25519MLKEM768,ECDSA-P256-SHA256,1120,109,71,1300,False,False,
884,hybrid_kex,X25519MLKEM768,ECDSA-P256-SHA256,1120,107,72,1299,False,False,
885,hybrid_kex,X25519MLKEM768,ECDSA-P256-SHA256,1120,108,71,1299,False,False,
886,hybrid_kex,X25519MLKEM768,ECDSA-P256-SHA256,1120,106,71,1297,False,False,
887,hybrid_kex,X25519MLKEM768,ECDSA-P256-SHA256,1120,106,70,1296,False,False,
888,hybrid_kex,X25519MLKEM768,ECDSA-P256-SHA256,1120,102,72,1294,False,False,
889,hybrid_kex,X25519MLKEM768,ECDSA-P256-SHA256,1120,107,72,1299,False,False,
890,hybrid_kex,X25519MLKEM768,ECDSA-P256-SHA256,1120,102,72,1294,False,False,
891,hybrid_kex,X25519MLKEM768,ECDSA-P256-SHA256,1120,105,70,1295,False,False,
892,hybrid_kex,X25519MLKEM768,ECDSA-P256-SHA256,1120,109,72,1301,False,False,
893,hybrid_kex,X25519MLKEM768,ECDSA-P256-SHA256,1120,109,71,1300,False,False,
894,hybrid_kex,X25519MLKEM768,ECDSA-P256-SHA256,1120,106,71,1297,False,False,
895,hybrid_kex,X25519MLKEM768,ECDSA-P256-SHA256,1120,105,71,1296,False,False,
896,hybrid_kex,X25519MLKEM768,ECDSA-P256-SHA256,1120,109,70,1299,False,False,
897,hybrid_kex,X25519MLKEM768,ECDSA-P256-SHA256,1120,107,71,1298,False,False,
898,hybrid_kex,X25519MLKEM768,ECDSA-P256-SHA256,1120,105,72,1297,False,False,
899,hybrid_kex,X25519MLKEM768,ECDSA-P256-SHA256,1120,104,71,1295,False,False,
900,hybrid_kex,X25519MLKEM768,ECDSA-P256-SHA256,1120,104,71,1295,False,False,
901,hybrid_kex,X25519MLKEM768,ECDSA-P256-SHA256,1120,106,71,1297,False,False,
902,hybrid_kex,X25519MLKEM768,ECDSA-P256-SHA256,1120,107,71,1298,False,False,
903,hybrid_kex,X25519MLKEM768,ECDSA-P256-SHA256,1120,104,70,1294,False,False,
904,hybrid_kex,X25519MLKEM768,ECDSA-P256-SHA256,1120,104,70,1294,False,False,
905,hybrid_kex,X25519MLKEM768,ECDSA-P256-SHA256,1120,110,71,1301,False,False,
906,hybrid_kex,X25519MLKEM768,ECDSA-P256-SHA256,1120,108,72,1300,False,False,
907,hybrid_kex,X25519MLKEM768,ECDSA-P256-SHA256,1120,110,71,1301,False,False,
908,hybrid_kex,X25519MLKEM768,ECDSA-P256-SHA256,1120,106,71,1297,False,False,
909,hybrid_kex,X25519MLKEM768,ECDSA-P256-SHA256,1120,110,71,1301,False,False,
910,hybrid_kex,X25519MLKEM768,ECDSA-P256-SHA256,1120,102,70,1292,False,False,
911,hybrid_kex,X25519MLKEM768,ECDSA-P256-SHA256,1120,104,71,1295,False,False,
912,hybrid_kex,X25519MLKEM768,ECDSA-P256-SHA256,1120,104,72,1296,False,False,
913,hybrid_kex,X25519MLKEM768,ECDSA-P256-SHA256,1120,102,71,1293,False,False,
914,hybrid_kex,X25519MLKEM768,ECDSA-P256-SHA256,1120,111,70,1301,False,False,
915,hybrid_kex,X25519MLKEM768,ECDSA-P256-SHA256,1120,106,72,1298,False,False,
916,hybrid_kex,X25519MLKEM768,ECDSA-P256-SHA256,1120,102,71,1293,False,False,
917,hybrid_kex,X25519MLKEM768,ECDSA-P256-SHA256,1120,108,72,1300,False,False,
918,hybrid_kex,X25519MLKEM768,ECDSA-P256-SHA256,1120,105,71,1296,False,False,
919,hybrid_kex,X25519MLKEM768,ECDSA-P256-SHA256,1120,106,71,1297,False,False,
920,hybrid_kex,X25519MLKEM768,ECDSA-P256-SHA256,1120,107,71,1298,False,False,
921,hybrid_kex,X25519MLKEM768,ECDSA-P256-SHA256,1120,105,70,1295,False,False,
922,hybrid_kex,X25519MLKEM768,ECDSA-P256-SHA256,1120,107,71,1298,False,False,
923,hybrid_kex,X25519MLKEM768,ECDSA-P256-SHA256,1120,108,72,1300,False,False,
924,hybrid_kex,X25519MLKEM768,ECDSA-P256-SHA256,1120,107,72,1299,False,False,
925,hybrid_kex,X25519MLKEM768,ECDSA-P256-SHA256,1120,107,71,1298,False,False,
926,hybrid_kex,X25519MLKEM768,ECDSA-P256-SHA256,1120,107,72,1299,False,False,
927,hybrid_kex,X25519MLKEM768,ECDSA-P256-SHA256,1120,110,71,1301,False,False,
928,hybrid_kex,X25519MLKEM768,ECDSA-P256-SHA256,1120,104,70,1294,False,False,
929,hybrid_kex,X25519MLKEM768,ECDSA-P256-SHA256,1120,106,70,1296,False,False,
930,hybrid_kex,X25519MLKEM768,ECDSA-P256-SHA256,1120,105,70,1295,False,False,
931,hybrid_kex,X25519MLKEM768,ECDSA-P256-SHA256,1120,106,70,1296,False,False,
932,hybrid_kex,X25519MLKEM768,ECDSA-P256-SHA256,1120,102,71,1293,False,False,
933,hybrid_kex,X25519MLKEM768,ECDSA-P256-SHA256,1120,108,71,1299,False,False,
934,hybrid_kex,X25519MLKEM768,ECDSA-P256-SHA256,1120,108,71,1299,False,False,
935,hybrid_kex,X25519MLKEM768,ECDSA-P256-SHA256,1120,102,71,1293,False,False,
936,hybrid_kex,X25519MLKEM768,ECDSA-P256-SHA256,1120,107,71,1298,False,False,
937,hybrid_kex,X25519MLKEM768,ECDSA-P256-SHA256,1120,107,72,1299,False,False,
938,hybrid_kex,X25519MLKEM768,ECDSA-P256-SHA256,1120,108,70,1298,False,False,
939,hybrid_kex,X25519MLKEM768,ECDSA-P256-SHA256,1120,104,71,1295,False,False,
940,hybrid_kex,X25519MLKEM768,ECDSA-P256-SHA256,1120,102,72,1294,False,False,
941,hybrid_kex,X25519MLKEM768,ECDSA-P256-SHA256,1120,104,71,1295,False,False,
942,hybrid_kex,X25519MLKEM768,ECDSA-P256-SHA256,1120,108,70,1298,False,False,
943,hybrid_kex,X25519MLKEM768,ECDSA-P256-SHA256,1120,110,72,1302,False,False,
944,hybrid_kex,X25519MLKEM768,ECDSA-P256-SHA256,1120,105,71,1296,False,False,
945,hybrid_kex,X25519MLKEM768,ECDSA-P256-SHA256,1120,109,71,1300,False,False,
946,hybrid_kex,X25519MLKEM768,ECDSA-P256-SHA256,1120,109,72,1301,False,False,
947,hybrid_kex,X25519MLKEM768,ECDSA-P256-SHA256,1120,108,71,1299,False,False,
948,hybrid_kex,X25519MLKEM768,ECDSA-P256-SHA256,1120,102,72,1294,False,False,
949,hybrid_kex,X25519MLKEM768,ECDSA-P256-SHA256,1120,109,72,1301,False,False,
950,hybrid_kex,X25519MLKEM768,ECDSA-P256-SHA256,1120,102,72,1294,False,False,
951,hybrid_kex,X25519MLKEM768,ECDSA-P256-SHA256,1120,104,70,1294,False,False,
952,hybrid_kex,X25519MLKEM768,ECDSA-P256-SHA256,1120,109,70,1299,False,False,
953,hybrid_kex,X25519MLKEM768,ECDSA-P256-SHA256,1120,107,71,1298,False,False,
954,hybrid_kex,X25519MLKEM768,ECDSA-P256-SHA256,1120,108,69,1297,False,False,
955,hybrid_kex,X25519MLKEM768,ECDSA-P256-SHA256,1120,110,70,1300,False,False,
956,hybrid_kex,X25519MLKEM768,ECDSA-P256-SHA256,1120,109,72,1301,False,False,
957,hybrid_kex,X25519MLKEM768,ECDSA-P256-SHA256,1120,105,70,1295,False,False,
958,hybrid_kex,X25519MLKEM768,ECDSA-P256-SHA256,1120,104,70,1294,False,False,
959,hybrid_kex,X25519MLKEM768,ECDSA-P256-SHA256,1120,107,70,1297,False,False,
960,hybrid_kex,X25519MLKEM768,ECDSA-P256-SHA256,1120,104,71,1295,False,False,
961,hybrid_kex,X25519MLKEM768,ECDSA-P256-SHA256,1120,104,72,1296,False,False,
962,hybrid_kex,X25519MLKEM768,ECDSA-P256-SHA256,1120,106,70,1296,False,False,
963,hybrid_kex,X25519MLKEM768,ECDSA-P256-SHA256,1120,102,71,1293,False,False,
964,hybrid_kex,X25519MLKEM768,ECDSA-P256-SHA256,1120,108,72,1300,False,False,
965,hybrid_kex,X25519MLKEM768,ECDSA-P256-SHA256,1120,106,71,1297,False,False,
966,hybrid_kex,X25519MLKEM768,ECDSA-P256-SHA256,1120,105,71,1296,False,False,
967,hybrid_kex,X25519MLKEM768,ECDSA-P256-SHA256,1120,107,70,1297,False,False,
968,hybrid_kex,X25519MLKEM768,ECDSA-P256-SHA256,1120,109,71,1300,False,False,
969,hybrid_kex,X25519MLKEM768,ECDSA-P256-SHA256,1120,102,71,1293,False,False,
970,hybrid_kex,X25519MLKEM768,ECDSA-P256-SHA256,1120,108,71,1299,False,False,
971,hybrid_kex,X25519MLKEM768,ECDSA-P256-SHA256,1120,105,72,1297,False,False,
972,hybrid_kex,X25519MLKEM768,ECDSA-P256-SHA256,1120,105,71,1296,False,False,
973,hybrid_kex,X25519MLKEM768,ECDSA-P256-SHA256,1120,104,70,1294,False,False,
974,hybrid_kex,X25519MLKEM768,ECDSA-P256-SHA256,1120,107,71,1298,False,False,
975,hybrid_kex,X25519MLKEM768,ECDSA-P256-SHA256,1120,110,71,1301,False,False,
976,hybrid_kex,X25519MLKEM768,ECDSA-P256-SHA256,1120,109,70,1299,False,False,
977,hybrid_kex,X25519MLKEM768,ECDSA-P256-SHA256,1120,107,70,1297,False,False,
978,hybrid_kex,X25519MLKEM768,ECDSA-P256-SHA256,1120,111,71,1302,False,False,
979,hybrid_kex,X25519MLKEM768,ECDSA-P256-SHA256,1120,107,70,1297,False,False,
980,hybrid_kex,X25519MLKEM768,ECDSA-P256-SHA256,1120,110,72,1302,False,False,
981,hybrid_kex,X25519MLKEM768,ECDSA-P256-SHA256,1120,104,71,1295,False,False,
982,hybrid_kex,X25519MLKEM768,ECDSA-P256-SHA256,1120,107,72,1299,False,False,
983,hybrid_kex,X25519MLKEM768,ECDSA-P256-SHA256,1120,109,71,1300,False,False,
984,hybrid_kex,X25519MLKEM768,ECDSA-P256-SHA256,1120,106,70,1296,False,False,
985,hybrid_kex,X25519MLKEM768,ECDSA-P256-SHA256,1120,108,72,1300,False,False,
986,hybrid_kex,X25519MLKEM768,ECDSA-P256-SHA256,1120,104,70,1294,False,False,
987,hybrid_kex,X25519MLKEM768,ECDSA-P256-SHA256,1120,110,71,1301,False,False,
988,hybrid_kex,X25519MLKEM768,ECDSA-P256-SHA256,1120,106,71,1297,False,False,
989,hybrid_kex,X25519MLKEM768,ECDSA-P256-SHA256,1120,108,71,1299,False,False,
990,hybrid_kex,X25519MLKEM768,ECDSA-P256-SHA256,1120,109,71,1300,False,False,
991,hybrid_kex,X25519MLKEM768,ECDSA-P256-SHA256,1120,105,71,1296,False,False,
992,hybrid_kex,X25519MLKEM768,ECDSA-P256-SHA256,1120,106,70,1296,False,False,
993,hybrid_kex,X25519MLKEM768,ECDSA-P256-SHA256,1120,102,70,1292,False,False,
994,hybrid_kex,X25519MLKEM768,ECDSA-P256-SHA256,1120,110,71,1301,False,False,
995,hybrid_kex,X25519MLKEM768,ECDSA-P256-SHA256,1120,104,71,1295,False,False,
996,hybrid_kex,X25519MLKEM768,ECDSA-P256-SHA256,1120,105,71,1296,False,False,
997,hybrid_kex,X25519MLKEM768,ECDSA-P256-SHA256,1120,107,72,1299,False,False,
998,hybrid_kex,X25519MLKEM768,ECDSA-P256-SHA256,1120,104,71,1295,False,False,
999,hybrid_kex,X25519MLKEM768,ECDSA-P256-SHA256,1120,106,72,1298,False,False,
