request_id,config,tamper_target,tampered_by_proxy,detected,detection_layer,detection_ms,rtt_ms,verify_ms,aead_decrypt_ms,valid_signature,error
0,hybrid_kex,ciphertext,True,True,aead_ciphertext,0.013958022464066744,29.66208301950246,,0.013958022464066744,,response AEAD authentication failed (tampered response)
1,hybrid_kex,ciphertext,True,True,aead_ciphertext,0.008500006515532732,29.017541033681482,,0.008500006515532732,,response AEAD authentication failed (tampered response)
2,hybrid_kex,ciphertext,True,True,aead_ciphertext,0.010832969564944506,23.96137500181794,,0.010832969564944506,,response AEAD authentication failed (tampered response)
3,hybrid_kex,ciphertext,True,True,aead_ciphertext,0.008167000487446785,32.574125041719526,,0.008167000487446785,,response AEAD authentication failed (tampered response)
4,hybrid_kex,ciphertext,True,True,aead_ciphertext,0.007166003342717886,23.821207985747606,,0.007166003342717886,,response AEAD authentication failed (tampered response)
5,hybrid_kex,ciphertext,True,True,aead_ciphertext,0.008333998266607523,33.38300000177696,,0.008333998266607523,,response AEAD authentication failed (tampered response)
6,hybrid_kex,ciphertext,True,True,aead_ciphertext,0.007499998901039362,24.963416974060237,,0.007499998901039362,,response AEAD authentication failed (tampered response)
7,hybrid_kex,ciphertext,True,True,aead_ciphertext,0.0076669966802001,30.51712503656745,,0.0076669966802001,,response AEAD authentication failed (tampered response)
8,hybrid_kex,ciphertext,True,True,aead_ciphertext,0.00762502895668149,30.443791998550296,,0.00762502895668149,,response AEAD authentication failed (tampered response)
9,hybrid_kex,ciphertext,True,True,aead_ciphertext,0.0075830030255019665,33.50804100045934,,0.0075830030255019665,,response AEAD authentication failed (tampered response)
10,hybrid_kex,ciphertext,True,True,aead_ciphertext,0.0077500008046627045,25.6847080308944,,0.0077500008046627045,,response AEAD authentication failed (tampered response)
11,hybrid_kex,ciphertext,True,True,aead_ciphertext,0.00920804450288415,29.698083002585918,,0.00920804450288415,,response AEAD authentication failed (tampered response)
12,hybrid_kex,ciphertext,True,True,aead_ciphertext,0.0077500008046627045,25.732707988936454,,0.0077500008046627045,,response AEAD authentication failed (tampered response)
13,hybrid_kex,ciphertext,True,True,aead_ciphertext,0.015457975678145885,25.65612504258752,,0.015457975678145885,,response AEAD authentication failed (tampered response)
14,hybrid_kex,ciphertext,True,True,aead_ciphertext,0.01166702713817358,25.67470900248736,,0.01166702713817358,,response AEAD authentication failed (tampered response)
15,hybrid_kex,ciphertext,True,True,aead_ciphertext,0.010292045772075653,33.524291997309774,,0.010292045772075653,,response AEAD authentication failed (tampered response)
16,hybrid_kex,ciphertext,True,True,aead_ciphertext,0.00825000461190939,33.59833295689896,,0.00825000461190939,,response AEAD authentication failed (tampered response)
17,hybrid_kex,ciphertext,True,True,aead_ciphertext,0.014125020243227482,33.76266697887331,,0.014125020243227482,,response AEAD authentication failed (tampered response)
18,hybrid_kex,ciphertext,True,True,aead_ciphertext,0.00825000461190939,29.886166972573847,,0.00825000461190939,,response AEAD authentication failed (tampered response)
19,hybrid_kex,ciphertext,True,True,aead_ciphertext,0.007542024832218885,33.51241705240682,,0.007542024832218885,,response AEAD authentication failed (tampered response)
20,hybrid_kex,ciphertext,True,True,aead_ciphertext,0.007875030860304832,29.531000007409602,,0.007875030860304832,,response AEAD authentication failed (tampered response)
21,hybrid_kex,ciphertext,True,True,aead_ciphertext,0.009583949577063322,28.61479198327288,,0.009583949577063322,,response AEAD authentication failed (tampered response)
22,hybrid_kex,ciphertext,True,True,aead_ciphertext,0.008207978680729866,29.63116700993851,,0.008207978680729866,,response AEAD authentication failed (tampered response)
23,hybrid_kex,ciphertext,True,True,aead_ciphertext,0.008124974556267262,33.622541988734156,,0.008124974556267262,,response AEAD authentication failed (tampered response)
24,hybrid_kex,ciphertext,True,True,aead_ciphertext,0.008333008736371994,33.65479200147092,,0.008333008736371994,,response AEAD authentication failed (tampered response)
25,hybrid_kex,ciphertext,True,True,aead_ciphertext,0.007666007149964571,29.971792013384402,,0.007666007149964571,,response AEAD authentication failed (tampered response)
26,hybrid_kex,ciphertext,True,True,aead_ciphertext,0.008832954335957766,29.700040991883725,,0.008832954335957766,,response AEAD authentication failed (tampered response)
27,hybrid_kex,ciphertext,True,True,aead_ciphertext,0.008167000487446785,33.80441601620987,,0.008167000487446785,,response AEAD authentication failed (tampered response)
28,hybrid_kex,ciphertext,True,True,aead_ciphertext,0.00804202863946557,30.014040996320546,,0.00804202863946557,,response AEAD authentication failed (tampered response)
29,hybrid_kex,ciphertext,True,True,aead_ciphertext,0.007874972652643919,25.03975003492087,,0.007874972652643919,,response AEAD authentication failed (tampered response)
30,hybrid_kex,ciphertext,True,True,aead_ciphertext,0.009374984074383974,33.60220795730129,,0.009374984074383974,,response AEAD authentication failed (tampered response)
31,hybrid_kex,ciphertext,True,True,aead_ciphertext,0.008125032763928175,25.90912498999387,,0.008125032763928175,,response AEAD authentication failed (tampered response)
32,hybrid_kex,ciphertext,True,True,aead_ciphertext,0.007833994459360838,29.833000036887825,,0.007833994459360838,,response AEAD authentication failed (tampered response)
33,hybrid_kex,ciphertext,True,True,aead_ciphertext,0.00829098280519247,33.52900000754744,,0.00829098280519247,,response AEAD authentication failed (tampered response)
34,hybrid_kex,ciphertext,True,True,aead_ciphertext,0.00825000461190939,30.122208001557738,,0.00825000461190939,,response AEAD authentication failed (tampered response)
35,hybrid_kex,ciphertext,True,True,aead_ciphertext,0.007833004929125309,25.212999957147986,,0.007833004929125309,,response AEAD authentication failed (tampered response)
36,hybrid_kex,ciphertext,True,True,aead_ciphertext,0.007584050763398409,27.343416993971914,,0.007584050763398409,,response AEAD authentication failed (tampered response)
37,hybrid_kex,ciphertext,True,True,aead_ciphertext,0.007540977094322443,33.06795802200213,,0.007540977094322443,,response AEAD authentication failed (tampered response)
38,hybrid_kex,ciphertext,True,True,aead_ciphertext,0.007499998901039362,26.323458005208522,,0.007499998901039362,,response AEAD authentication failed (tampered response)
39,hybrid_kex,ciphertext,True,True,aead_ciphertext,0.007499998901039362,29.708000016398728,,0.007499998901039362,,response AEAD authentication failed (tampered response)
40,hybrid_kex,ciphertext,True,True,aead_ciphertext,0.006832997314631939,29.711582988966256,,0.006832997314631939,,response AEAD authentication failed (tampered response)
41,hybrid_kex,ciphertext,True,True,aead_ciphertext,0.006916990969330072,28.137874964158982,,0.006916990969330072,,response AEAD authentication failed (tampered response)
42,hybrid_kex,ciphertext,True,True,aead_ciphertext,0.006916990969330072,33.18666701670736,,0.006916990969330072,,response AEAD authentication failed (tampered response)
43,hybrid_kex,ciphertext,True,True,aead_ciphertext,0.006832997314631939,25.932333956006914,,0.006832997314631939,,response AEAD authentication failed (tampered response)
44,hybrid_kex,ciphertext,True,True,aead_ciphertext,0.009416951797902584,33.573207969311625,,0.009416951797902584,,response AEAD authentication failed (tampered response)
45,hybrid_kex,ciphertext,True,True,aead_ciphertext,0.008207978680729866,26.344665966462344,,0.008207978680729866,,response AEAD authentication failed (tampered response)
46,hybrid_kex,ciphertext,True,True,aead_ciphertext,0.007792026735842228,29.702959000132978,,0.007792026735842228,,response AEAD authentication failed (tampered response)
47,hybrid_kex,ciphertext,True,True,aead_ciphertext,0.0076669966802001,29.880874964874238,,0.0076669966802001,,response AEAD authentication failed (tampered response)
48,hybrid_kex,ciphertext,True,True,aead_ciphertext,0.00762502895668149,33.44004199607298,,0.00762502895668149,,response AEAD authentication failed (tampered response)
49,hybrid_kex,ciphertext,True,True,aead_ciphertext,0.007583992555737495,25.172749999910593,,0.007583992555737495,,response AEAD authentication failed (tampered response)
50,hybrid_kex,ciphertext,True,True,aead_ciphertext,0.0076249707490205765,25.774999987334013,,0.0076249707490205765,,response AEAD authentication failed (tampered response)
51,hybrid_kex,ciphertext,True,True,aead_ciphertext,0.019458995666354895,29.767667001578957,,0.019458995666354895,,response AEAD authentication failed (tampered response)
52,hybrid_kex,ciphertext,True,True,aead_ciphertext,0.008957984391599894,29.989291972015053,,0.008957984391599894,,response AEAD authentication failed (tampered response)
53,hybrid_kex,ciphertext,True,True,aead_ciphertext,0.00933295814320445,33.90350000699982,,0.00933295814320445,,response AEAD authentication failed (tampered response)
54,hybrid_kex,ciphertext,True,True,aead_ciphertext,0.00825000461190939,30.001500039361417,,0.00825000461190939,,response AEAD authentication failed (tampered response)
55,hybrid_kex,ciphertext,True,True,aead_ciphertext,0.007458031177520752,29.896625026594847,,0.007458031177520752,,response AEAD authentication failed (tampered response)
56,hybrid_kex,ciphertext,True,True,aead_ciphertext,0.007416994776576757,26.167540985625237,,0.007416994776576757,,response AEAD authentication failed (tampered response)
57,hybrid_kex,ciphertext,True,True,aead_ciphertext,0.007209018804132938,26.227166992612183,,0.007209018804132938,,response AEAD authentication failed (tampered response)
58,hybrid_kex,ciphertext,True,True,aead_ciphertext,0.009707990102469921,29.41825002199039,,0.009707990102469921,,response AEAD authentication failed (tampered response)
59,hybrid_kex,ciphertext,True,True,aead_ciphertext,0.00870897201821208,29.600458976347,,0.00870897201821208,,response AEAD authentication failed (tampered response)
60,hybrid_kex,ciphertext,True,True,aead_ciphertext,0.008292030543088913,29.487791005522013,,0.008292030543088913,,response AEAD authentication failed (tampered response)
61,hybrid_kex,ciphertext,True,True,aead_ciphertext,0.007583992555737495,28.126082965172827,,0.007583992555737495,,response AEAD authentication failed (tampered response)
62,hybrid_kex,ciphertext,True,True,aead_ciphertext,0.008624978363513947,28.571915987413377,,0.008624978363513947,,response AEAD authentication failed (tampered response)
63,hybrid_kex,ciphertext,True,True,aead_ciphertext,0.008791976142674685,29.86808295827359,,0.008791976142674685,,response AEAD authentication failed (tampered response)
64,hybrid_kex,ciphertext,True,True,aead_ciphertext,0.008417002391070127,31.16399998543784,,0.008417002391070127,,response AEAD authentication failed (tampered response)
65,hybrid_kex,ciphertext,True,True,aead_ciphertext,0.007792026735842228,26.113040978088975,,0.007792026735842228,,response AEAD authentication failed (tampered response)
66,hybrid_kex,ciphertext,True,True,aead_ciphertext,0.0077500008046627045,33.65970798768103,,0.0077500008046627045,,response AEAD authentication failed (tampered response)
67,hybrid_kex,ciphertext,True,True,aead_ciphertext,0.008916016668081284,33.62016601022333,,0.008916016668081284,,response AEAD authentication failed (tampered response)
68,hybrid_kex,ciphertext,True,True,aead_ciphertext,0.007542024832218885,33.516166964545846,,0.007542024832218885,,response AEAD authentication failed (tampered response)
69,hybrid_kex,ciphertext,True,True,aead_ciphertext,0.007916998583823442,26.15216700360179,,0.007916998583823442,,response AEAD authentication failed (tampered response)
70,hybrid_kex,ciphertext,True,True,aead_ciphertext,0.00825000461190939,33.51966600166634,,0.00825000461190939,,response AEAD authentication failed (tampered response)
71,hybrid_kex,ciphertext,True,True,aead_ciphertext,0.007707974873483181,29.573666979558766,,0.007707974873483181,,response AEAD authentication failed (tampered response)
72,hybrid_kex,ciphertext,True,True,aead_ciphertext,0.007333001121878624,28.88945897575468,,0.007333001121878624,,response AEAD authentication failed (tampered response)
73,hybrid_kex,ciphertext,True,True,aead_ciphertext,0.00829098280519247,26.000333949923515,,0.00829098280519247,,response AEAD authentication failed (tampered response)
74,hybrid_kex,ciphertext,True,True,aead_ciphertext,0.008207978680729866,29.46674998383969,,0.008207978680729866,,response AEAD authentication failed (tampered response)
75,hybrid_kex,ciphertext,True,True,aead_ciphertext,0.008000002708286047,26.003999984823167,,0.008000002708286047,,response AEAD authentication failed (tampered response)
76,hybrid_kex,ciphertext,True,True,aead_ciphertext,0.0077500008046627045,29.74504098528996,,0.0077500008046627045,,response AEAD authentication failed (tampered response)
77,hybrid_kex,ciphertext,True,True,aead_ciphertext,0.007499998901039362,33.48587499931455,,0.007499998901039362,,response AEAD authentication failed (tampered response)
78,hybrid_kex,ciphertext,True,True,aead_ciphertext,0.0077080330811440945,33.51720905629918,,0.0077080330811440945,,response AEAD authentication failed (tampered response)
79,hybrid_kex,ciphertext,True,True,aead_ciphertext,0.007333001121878624,29.91562499664724,,0.007333001121878624,,response AEAD authentication failed (tampered response)
80,hybrid_kex,ciphertext,True,True,aead_ciphertext,0.013792014215141535,33.72825001133606,,0.013792014215141535,,response AEAD authentication failed (tampered response)
81,hybrid_kex,ciphertext,True,True,aead_ciphertext,0.009374984074383974,33.64491602405906,,0.009374984074383974,,response AEAD authentication failed (tampered response)
82,hybrid_kex,ciphertext,True,True,aead_ciphertext,0.009083014447242022,29.644583992194384,,0.009083014447242022,,response AEAD authentication failed (tampered response)
83,hybrid_kex,ciphertext,True,True,aead_ciphertext,0.011082971468567848,31.978917017113417,,0.011082971468567848,,response AEAD authentication failed (tampered response)
84,hybrid_kex,ciphertext,True,True,aead_ciphertext,0.007833994459360838,30.014583026058972,,0.007833994459360838,,response AEAD authentication failed (tampered response)
85,hybrid_kex,ciphertext,True,True,aead_ciphertext,0.0072499969974160194,29.992291994858533,,0.0072499969974160194,,response AEAD authentication failed (tampered response)
86,hybrid_kex,ciphertext,True,True,aead_ciphertext,0.007541966624557972,31.505333026871085,,0.007541966624557972,,response AEAD authentication failed (tampered response)
87,hybrid_kex,ciphertext,True,True,aead_ciphertext,0.008416944183409214,25.877457985188812,,0.008416944183409214,,response AEAD authentication failed (tampered response)
88,hybrid_kex,ciphertext,True,True,aead_ciphertext,0.007667054887861013,27.950334013439715,,0.007667054887861013,,response AEAD authentication failed (tampered response)
89,hybrid_kex,ciphertext,True,True,aead_ciphertext,0.008125032763928175,26.185458002146333,,0.008125032763928175,,response AEAD authentication failed (tampered response)
90,hybrid_kex,ciphertext,True,True,aead_ciphertext,0.007374968845397234,30.172875034622848,,0.007374968845397234,,response AEAD authentication failed (tampered response)
91,hybrid_kex,ciphertext,True,True,aead_ciphertext,0.009000010322779417,33.37420802563429,,0.009000010322779417,,response AEAD authentication failed (tampered response)
92,hybrid_kex,ciphertext,True,True,aead_ciphertext,0.007333990652114153,29.754415969364345,,0.007333990652114153,,response AEAD authentication failed (tampered response)
93,hybrid_kex,ciphertext,True,True,aead_ciphertext,0.00825000461190939,33.97808404406533,,0.00825000461190939,,response AEAD authentication failed (tampered response)
94,hybrid_kex,ciphertext,True,True,aead_ciphertext,0.00825000461190939,25.04275005776435,,0.00825000461190939,,response AEAD authentication failed (tampered response)
95,hybrid_kex,ciphertext,True,True,aead_ciphertext,0.008665956556797028,25.96875000745058,,0.008665956556797028,,response AEAD authentication failed (tampered response)
96,hybrid_kex,ciphertext,True,True,aead_ciphertext,0.008207978680729866,30.474166967906058,,0.008207978680729866,,response AEAD authentication failed (tampered response)
97,hybrid_kex,ciphertext,True,True,aead_ciphertext,0.0075410353019833565,33.480915997643024,,0.0075410353019833565,,response AEAD authentication failed (tampered response)
98,hybrid_kex,ciphertext,True,True,aead_ciphertext,0.0077080330811440945,29.41554196877405,,0.0077080330811440945,,response AEAD authentication failed (tampered response)
99,hybrid_kex,ciphertext,True,True,aead_ciphertext,0.00862503657117486,29.64937494834885,,0.00862503657117486,,response AEAD authentication failed (tampered response)
